datetime,symbol,open,high,low,close,volume
2025-11-06 11:20:00,NSE:NIFTY,25543.6,25546.1,25539.8,25540.65,868244.0
2025-11-06 11:21:00,NSE:NIFTY,25540.95,25544.6,25538.9,25541.15,587234.0
2025-11-06 11:22:00,NSE:NIFTY,25541.35,25544.8,25539.45,25541.1,696021.0
2025-11-06 11:23:00,NSE:NIFTY,25541.55,25543.9,25537.75,25538.35,629448.0
2025-11-06 11:24:00,NSE:NIFTY,25538.85,25539.85,25535.0,25535.45,600770.0
2025-11-06 11:25:00,NSE:NIFTY,25535.8,25538.4,25534.55,25537.15,419662.0
2025-11-06 11:26:00,NSE:NIFTY,25536.15,25539.55,25535.8,25537.3,760690.0
2025-11-06 11:27:00,NSE:NIFTY,25536.6,25537.3,25534.0,25535.7,723956.0
2025-11-06 11:28:00,NSE:NIFTY,25535.5,25543.5,25535.35,25543.5,701340.0
2025-11-06 11:29:00,NSE:NIFTY,25543.65,25544.0,25541.65,25543.0,643835.0
2025-11-06 11:30:00,NSE:NIFTY,25542.9,25547.55,25541.85,25545.05,604915.0
2025-11-06 11:31:00,NSE:NIFTY,25544.75,25545.65,25537.6,25537.75,953796.0
2025-11-06 11:32:00,NSE:NIFTY,25537.55,25537.85,25532.6,25533.45,781385.0
2025-11-06 11:33:00,NSE:NIFTY,25533.0,25533.0,25527.8,25531.75,833699.0
2025-11-06 11:34:00,NSE:NIFTY,25532.25,25533.45,25530.3,25530.35,533250.0
2025-11-06 11:35:00,NSE:NIFTY,25530.85,25532.3,25525.0,25528.9,756224.0
2025-11-06 11:36:00,NSE:NIFTY,25528.6,25530.8,25527.3,25530.8,803312.0
2025-11-06 11:37:00,NSE:NIFTY,25530.7,25533.55,25529.55,25532.6,449285.0
2025-11-06 11:38:00,NSE:NIFTY,25532.75,25533.3,25528.0,25533.3,645941.0
2025-11-06 11:39:00,NSE:NIFTY,25533.0,25534.7,25528.85,25531.15,902940.0
2025-11-06 11:40:00,NSE:NIFTY,25531.1,25534.65,25529.95,25532.85,554210.0
2025-11-06 11:41:00,NSE:NIFTY,25532.8,25535.85,25532.15,25535.85,399931.0
2025-11-06 11:42:00,NSE:NIFTY,25534.9,25535.25,25531.4,25533.45,355901.0
2025-11-06 11:43:00,NSE:NIFTY,25534.05,25535.1,25531.1,25534.3,543428.0
2025-11-06 11:44:00,NSE:NIFTY,25534.4,25538.4,25531.7,25531.95,992557.0
2025-11-06 11:45:00,NSE:NIFTY,25531.1,25536.3,25529.95,25535.15,462291.0
2025-11-06 11:46:00,NSE:NIFTY,25534.75,25541.65,25534.75,25541.65,387203.0
2025-11-06 11:47:00,NSE:NIFTY,25541.0,25546.8,25539.3,25546.5,786005.0
2025-11-06 11:48:00,NSE:NIFTY,25547.05,25552.2,25547.05,25551.35,736415.0
2025-11-06 11:49:00,NSE:NIFTY,25550.65,25554.1,25550.55,25551.6,513608.0
2025-11-06 11:50:00,NSE:NIFTY,25551.5,25554.8,25551.0,25554.0,643172.0
2025-11-06 11:51:00,NSE:NIFTY,25554.1,25555.9,25552.5,25553.1,720219.0
2025-11-06 11:52:00,NSE:NIFTY,25553.25,25557.45,25549.6,25554.9,1575393.0
2025-11-06 11:53:00,NSE:NIFTY,25554.65,25555.2,25550.25,25551.65,884126.0
2025-11-06 11:54:00,NSE:NIFTY,25551.5,25552.6,25548.5,25552.15,710638.0
2025-11-06 11:55:00,NSE:NIFTY,25552.2,25552.5,25548.45,25548.8,646719.0
2025-11-06 11:56:00,NSE:NIFTY,25549.1,25555.1,25547.35,25552.5,504237.0
2025-11-06 11:57:00,NSE:NIFTY,25550.65,25552.15,25547.0,25550.45,569352.0
2025-11-06 11:58:00,NSE:NIFTY,25549.95,25551.65,25548.3,25551.35,572231.0
2025-11-06 11:59:00,NSE:NIFTY,25551.65,25561.35,25551.65,25561.35,522511.0
2025-11-06 12:00:00,NSE:NIFTY,25559.3,25573.3,25559.3,25569.8,654577.0
2025-11-06 12:01:00,NSE:NIFTY,25569.75,25570.25,25559.85,25561.0,719346.0
2025-11-06 12:02:00,NSE:NIFTY,25560.45,25567.45,25559.0,25565.7,471856.0
2025-11-06 12:03:00,NSE:NIFTY,25565.75,25566.05,25560.9,25562.75,647082.0
2025-11-06 12:04:00,NSE:NIFTY,25562.6,25566.95,25562.35,25565.2,626625.0
2025-11-06 12:05:00,NSE:NIFTY,25564.55,25565.3,25560.7,25561.75,550303.0
2025-11-06 12:06:00,NSE:NIFTY,25561.4,25562.15,25556.7,25561.35,1104914.0
2025-11-06 12:07:00,NSE:NIFTY,25561.15,25574.4,25558.8,25573.9,839445.0
2025-11-06 12:08:00,NSE:NIFTY,25573.15,25573.6,25563.55,25565.0,579041.0
2025-11-06 12:09:00,NSE:NIFTY,25564.85,25566.8,25554.6,25555.05,554630.0
2025-11-06 12:10:00,NSE:NIFTY,25554.8,25556.15,25549.85,25553.1,1124978.0
2025-11-06 12:11:00,NSE:NIFTY,25553.55,25556.25,25550.95,25551.3,777690.0
2025-11-06 12:12:00,NSE:NIFTY,25551.6,25552.8,25544.7,25546.65,922008.0
2025-11-06 12:13:00,NSE:NIFTY,25545.85,25548.4,25543.75,25547.85,763144.0
2025-11-06 12:14:00,NSE:NIFTY,25547.6,25551.15,25546.65,25546.65,582390.0
2025-11-06 12:15:00,NSE:NIFTY,25547.25,25549.8,25542.9,25548.9,774475.0
2025-11-06 12:16:00,NSE:NIFTY,25548.5,25553.9,25547.3,25552.95,436243.0
2025-11-06 12:17:00,NSE:NIFTY,25553.3,25555.4,25552.45,25553.3,536472.0
2025-11-06 12:18:00,NSE:NIFTY,25552.75,25561.35,25552.75,25556.15,647223.0
2025-11-06 12:19:00,NSE:NIFTY,25555.25,25559.5,25554.2,25558.55,606993.0
2025-11-06 12:20:00,NSE:NIFTY,25555.9,25559.15,25553.25,25556.75,683353.0
2025-11-06 12:21:00,NSE:NIFTY,25557.45,25559.0,25544.5,25549.1,569738.0
2025-11-06 12:22:00,NSE:NIFTY,25550.2,25550.6,25543.15,25544.35,365779.0
2025-11-06 12:23:00,NSE:NIFTY,25544.6,25544.6,25530.55,25534.35,1165944.0
2025-11-06 12:24:00,NSE:NIFTY,25535.0,25552.0,25534.35,25550.8,435732.0
2025-11-06 12:25:00,NSE:NIFTY,25552.35,25556.2,25551.3,25553.0,485514.0
2025-11-06 12:26:00,NSE:NIFTY,25553.65,25554.25,25543.65,25544.05,522950.0
2025-11-06 12:27:00,NSE:NIFTY,25544.2,25548.45,25542.3,25545.65,927614.0
2025-11-06 12:28:00,NSE:NIFTY,25546.2,25546.9,25544.4,25545.75,505619.0
2025-11-06 12:29:00,NSE:NIFTY,25546.15,25546.65,25543.2,25545.75,334838.0
2025-11-06 12:30:00,NSE:NIFTY,25545.6,25548.4,25539.7,25539.7,347310.0
2025-11-06 12:31:00,NSE:NIFTY,25542.1,25550.1,25539.45,25547.9,427991.0
2025-11-06 12:32:00,NSE:NIFTY,25549.5,25559.6,25548.05,25558.65,480349.0
2025-11-06 12:33:00,NSE:NIFTY,25559.15,25562.0,25556.15,25558.2,462794.0
2025-11-06 12:34:00,NSE:NIFTY,25560.55,25564.9,25559.05,25562.4,565160.0
2025-11-06 12:35:00,NSE:NIFTY,25562.6,25563.85,25558.95,25560.2,694563.0
2025-11-06 12:36:00,NSE:NIFTY,25562.3,25563.9,25558.75,25559.2,871625.0
2025-11-06 12:37:00,NSE:NIFTY,25562.05,25564.7,25557.75,25560.15,525930.0
2025-11-06 12:38:00,NSE:NIFTY,25561.7,25567.8,25560.65,25565.45,648201.0
2025-11-06 12:39:00,NSE:NIFTY,25566.0,25567.1,25559.0,25560.1,577243.0
2025-11-06 12:40:00,NSE:NIFTY,25562.55,25567.95,25559.7,25564.2,696838.0
2025-11-06 12:41:00,NSE:NIFTY,25567.15,25568.45,25563.15,25566.85,559883.0
2025-11-06 12:42:00,NSE:NIFTY,25569.45,25573.85,25566.85,25573.6,830263.0
2025-11-06 12:43:00,NSE:NIFTY,25575.75,25575.75,25565.55,25565.55,604495.0
2025-11-06 12:44:00,NSE:NIFTY,25567.85,25568.3,25559.95,25560.3,749797.0
2025-11-06 12:45:00,NSE:NIFTY,25561.1,25563.55,25556.75,25560.85,852878.0
2025-11-06 12:46:00,NSE:NIFTY,25562.0,25575.65,25561.95,25573.8,851108.0
2025-11-06 12:47:00,NSE:NIFTY,25574.9,25574.9,25569.1,25571.0,425223.0
2025-11-06 12:48:00,NSE:NIFTY,25572.65,25575.9,25569.6,25574.55,954387.0
2025-11-06 12:49:00,NSE:NIFTY,25576.05,25599.25,25574.95,25598.0,1269572.0
2025-11-06 12:50:00,NSE:NIFTY,25598.7,25600.45,25591.8,25593.55,673673.0
2025-11-06 12:51:00,NSE:NIFTY,25593.8,25602.3,25593.5,25596.0,733359.0
2025-11-06 12:52:00,NSE:NIFTY,25596.65,25598.85,25593.25,25595.5,926838.0
2025-11-06 12:53:00,NSE:NIFTY,25595.8,25601.9,25593.55,25596.65,644217.0
2025-11-06 12:54:00,NSE:NIFTY,25598.25,25602.15,25596.35,25601.3,750544.0
2025-11-06 12:55:00,NSE:NIFTY,25602.45,25608.05,25601.8,25605.2,789192.0
2025-11-06 12:56:00,NSE:NIFTY,25605.7,25608.15,25596.1,25596.1,604766.0
2025-11-06 12:57:00,NSE:NIFTY,25595.8,25599.65,25589.4,25591.15,655093.0
2025-11-06 12:58:00,NSE:NIFTY,25592.3,25603.1,25591.4,25596.7,496599.0
2025-11-06 12:59:00,NSE:NIFTY,25598.5,25598.5,25590.2,25591.1,976173.0
2025-11-06 13:00:00,NSE:NIFTY,25591.65,25595.45,25584.25,25587.05,794109.0
2025-11-06 13:01:00,NSE:NIFTY,25588.45,25603.4,25587.55,25602.65,594471.0
2025-11-06 13:02:00,NSE:NIFTY,25603.8,25611.7,25603.05,25611.25,918094.0
2025-11-06 13:03:00,NSE:NIFTY,25612.3,25616.85,25606.5,25607.9,889073.0
2025-11-06 13:04:00,NSE:NIFTY,25608.45,25611.45,25603.2,25603.2,637509.0
2025-11-06 13:05:00,NSE:NIFTY,25603.1,25606.35,25591.6,25594.0,1084435.0
2025-11-06 13:06:00,NSE:NIFTY,25593.8,25595.9,25582.45,25585.65,1014498.0
2025-11-06 13:07:00,NSE:NIFTY,25585.1,25589.45,25577.35,25578.75,908859.0
2025-11-06 13:08:00,NSE:NIFTY,25579.1,25589.35,25579.1,25585.95,568069.0
2025-11-06 13:09:00,NSE:NIFTY,25584.25,25584.8,25571.55,25572.35,1027484.0
2025-11-06 13:10:00,NSE:NIFTY,25573.9,25576.3,25569.25,25571.65,599398.0
2025-11-06 13:11:00,NSE:NIFTY,25569.65,25572.55,25564.85,25568.65,701460.0
2025-11-06 13:12:00,NSE:NIFTY,25568.85,25574.05,25567.8,25568.45,629480.0
2025-11-06 13:13:00,NSE:NIFTY,25567.9,25569.3,25561.8,25567.5,448230.0
2025-11-06 13:14:00,NSE:NIFTY,25568.95,25585.2,25568.7,25583.6,439349.0
2025-11-06 13:15:00,NSE:NIFTY,25584.2,25589.65,25583.25,25584.5,586023.0
2025-11-06 13:16:00,NSE:NIFTY,25584.3,25593.2,25582.5,25591.35,453312.0
2025-11-06 13:17:00,NSE:NIFTY,25591.15,25596.95,25588.75,25590.4,479543.0
2025-11-06 13:18:00,NSE:NIFTY,25591.0,25592.8,25581.8,25582.75,431706.0
2025-11-06 13:19:00,NSE:NIFTY,25584.0,25584.65,25575.9,25576.5,342826.0
2025-11-06 13:20:00,NSE:NIFTY,25576.7,25585.6,25576.2,25585.05,316737.0
2025-11-06 13:21:00,NSE:NIFTY,25586.75,25594.4,25586.2,25593.0,532825.0
2025-11-06 13:22:00,NSE:NIFTY,25593.85,25597.95,25592.15,25595.35,605597.0
2025-11-06 13:23:00,NSE:NIFTY,25595.5,25597.2,25589.8,25592.8,581010.0
2025-11-06 13:24:00,NSE:NIFTY,25593.9,25603.1,25593.3,25594.3,976612.0
2025-11-06 13:25:00,NSE:NIFTY,25594.15,25597.3,25593.2,25594.55,528300.0
2025-11-06 13:26:00,NSE:NIFTY,25594.5,25595.3,25586.0,25586.0,446643.0
2025-11-06 13:27:00,NSE:NIFTY,25587.55,25587.55,25581.25,25584.75,745660.0
2025-11-06 13:28:00,NSE:NIFTY,25584.85,25588.45,25583.05,25583.2,560370.0
2025-11-06 13:29:00,NSE:NIFTY,25583.85,25586.25,25581.55,25583.85,456874.0
2025-11-06 13:30:00,NSE:NIFTY,25583.8,25584.95,25575.25,25578.45,973176.0
2025-11-06 13:31:00,NSE:NIFTY,25580.05,25594.9,25578.6,25594.9,482745.0
2025-11-06 13:32:00,NSE:NIFTY,25595.0,25599.15,25594.2,25596.6,695233.0
2025-11-06 13:33:00,NSE:NIFTY,25597.1,25599.95,25593.1,25593.5,581364.0
2025-11-06 13:34:00,NSE:NIFTY,25593.6,25593.85,25581.15,25582.55,525143.0
2025-11-06 13:35:00,NSE:NIFTY,25583.05,25583.2,25572.55,25574.75,500836.0
2025-11-06 13:36:00,NSE:NIFTY,25574.35,25596.4,25574.35,25594.15,693335.0
2025-11-06 13:37:00,NSE:NIFTY,25594.35,25598.05,25591.35,25593.95,730466.0
2025-11-06 13:38:00,NSE:NIFTY,25595.05,25595.15,25581.3,25581.3,611071.0
2025-11-06 13:39:00,NSE:NIFTY,25582.15,25583.6,25575.9,25577.45,383059.0
2025-11-06 13:40:00,NSE:NIFTY,25578.0,25578.3,25569.4,25570.5,548366.0
2025-11-06 13:41:00,NSE:NIFTY,25570.85,25579.05,25569.5,25577.8,565624.0
2025-11-06 13:42:00,NSE:NIFTY,25578.5,25583.8,25577.35,25582.1,382948.0
2025-11-06 13:43:00,NSE:NIFTY,25582.3,25586.8,25575.5,25577.25,909029.0
2025-11-06 13:44:00,NSE:NIFTY,25577.4,25577.4,25565.6,25567.45,523020.0
2025-11-06 13:45:00,NSE:NIFTY,25567.4,25567.8,25560.1,25563.15,721090.0
2025-11-06 13:46:00,NSE:NIFTY,25564.15,25573.1,25564.0,25572.95,652556.0
2025-11-06 13:47:00,NSE:NIFTY,25572.45,25573.7,25567.75,25569.95,675679.0
2025-11-06 13:48:00,NSE:NIFTY,25571.05,25571.7,25551.5,25551.5,743839.0
2025-11-06 13:49:00,NSE:NIFTY,25552.3,25552.45,25539.65,25541.55,896718.0
2025-11-06 13:50:00,NSE:NIFTY,25541.65,25541.65,25534.6,25534.6,851668.0
2025-11-06 13:51:00,NSE:NIFTY,25535.65,25538.6,25530.65,25538.25,930886.0
2025-11-06 13:52:00,NSE:NIFTY,25538.55,25539.6,25534.15,25539.6,494988.0
2025-11-06 13:53:00,NSE:NIFTY,25539.9,25541.35,25521.65,25523.75,929008.0
2025-11-06 13:54:00,NSE:NIFTY,25523.4,25524.85,25517.55,25518.95,688384.0
2025-11-06 13:55:00,NSE:NIFTY,25519.2,25525.05,25515.95,25525.05,783313.0
2025-11-06 13:56:00,NSE:NIFTY,25526.0,25535.5,25525.4,25531.3,485333.0
2025-11-06 13:57:00,NSE:NIFTY,25532.05,25535.05,25530.3,25533.7,528326.0
2025-11-06 13:58:00,NSE:NIFTY,25534.8,25536.6,25529.7,25529.85,713578.0
2025-11-06 13:59:00,NSE:NIFTY,25531.7,25539.9,25528.35,25539.9,476520.0
2025-11-06 14:00:00,NSE:NIFTY,25539.2,25541.85,25534.35,25539.8,685632.0
2025-11-06 14:01:00,NSE:NIFTY,25539.3,25539.3,25532.9,25538.8,605388.0
2025-11-06 14:02:00,NSE:NIFTY,25539.6,25541.9,25536.65,25539.2,716732.0
2025-11-06 14:03:00,NSE:NIFTY,25539.3,25544.15,25533.6,25534.35,789537.0
2025-11-06 14:04:00,NSE:NIFTY,25534.8,25534.8,25527.55,25529.45,510321.0
2025-11-06 14:05:00,NSE:NIFTY,25528.9,25538.1,25528.7,25533.1,531917.0
2025-11-06 14:06:00,NSE:NIFTY,25533.25,25538.2,25525.55,25527.6,779626.0
2025-11-06 14:07:00,NSE:NIFTY,25527.95,25533.65,25527.55,25533.65,678671.0
2025-11-06 14:08:00,NSE:NIFTY,25534.1,25541.3,25533.05,25541.3,551902.0
2025-11-06 14:09:00,NSE:NIFTY,25541.45,25541.55,25533.85,25540.8,689684.0
2025-11-06 14:10:00,NSE:NIFTY,25540.9,25544.95,25535.4,25536.7,749042.0
2025-11-06 14:11:00,NSE:NIFTY,25537.4,25546.8,25536.9,25542.3,517273.0
2025-11-06 14:12:00,NSE:NIFTY,25542.2,25544.5,25539.25,25543.15,569617.0
2025-11-06 14:13:00,NSE:NIFTY,25543.65,25549.95,25543.1,25548.25,432580.0
2025-11-06 14:14:00,NSE:NIFTY,25548.3,25555.5,25547.7,25552.95,1397472.0
2025-11-06 14:15:00,NSE:NIFTY,25552.25,25555.75,25545.5,25545.9,1557184.0
2025-11-06 14:16:00,NSE:NIFTY,25545.85,25546.75,25536.15,25541.4,755295.0
2025-11-06 14:17:00,NSE:NIFTY,25542.85,25544.8,25542.0,25543.0,428257.0
2025-11-06 14:18:00,NSE:NIFTY,25543.8,25545.3,25541.85,25543.25,560396.0
2025-11-06 14:19:00,NSE:NIFTY,25544.4,25548.6,25543.6,25548.05,525954.0
2025-11-06 14:20:00,NSE:NIFTY,25548.2,25548.6,25545.15,25546.85,610969.0
2025-11-06 14:21:00,NSE:NIFTY,25547.75,25552.25,25546.9,25550.25,679572.0
2025-11-06 14:22:00,NSE:NIFTY,25550.7,25553.75,25547.05,25547.25,671250.0
2025-11-06 14:23:00,NSE:NIFTY,25549.25,25549.35,25540.0,25541.2,467084.0
2025-11-06 14:24:00,NSE:NIFTY,25542.2,25543.55,25539.7,25540.3,444917.0
2025-11-06 14:25:00,NSE:NIFTY,25541.6,25542.4,25538.7,25539.8,522735.0
2025-11-06 14:26:00,NSE:NIFTY,25540.7,25544.15,25539.6,25542.9,610170.0
2025-11-06 14:27:00,NSE:NIFTY,25542.75,25543.75,25532.95,25533.8,607644.0
2025-11-06 14:28:00,NSE:NIFTY,25534.3,25534.3,25520.6,25527.7,1435848.0
2025-11-06 14:29:00,NSE:NIFTY,25528.1,25542.05,25527.65,25541.6,691829.0
2025-11-06 14:30:00,NSE:NIFTY,25542.1,25547.15,25542.1,25545.3,965621.0
2025-11-06 14:31:00,NSE:NIFTY,25546.05,25549.6,25545.1,25549.5,653571.0
2025-11-06 14:32:00,NSE:NIFTY,25550.2,25552.15,25546.25,25548.1,654672.0
2025-11-06 14:33:00,NSE:NIFTY,25549.25,25550.55,25546.85,25549.4,427196.0
2025-11-06 14:34:00,NSE:NIFTY,25549.8,25554.75,25548.1,25553.85,870203.0
2025-11-06 14:35:00,NSE:NIFTY,25554.15,25555.15,25550.15,25551.2,615209.0
2025-11-06 14:36:00,NSE:NIFTY,25551.7,25557.0,25551.2,25555.65,762838.0
2025-11-06 14:37:00,NSE:NIFTY,25556.35,25558.55,25555.5,25558.25,658843.0
2025-11-06 14:38:00,NSE:NIFTY,25558.75,25560.6,25549.1,25549.4,823361.0
2025-11-06 14:39:00,NSE:NIFTY,25551.35,25552.55,25540.65,25542.25,652396.0
2025-11-06 14:40:00,NSE:NIFTY,25543.9,25544.0,25530.95,25532.75,1434955.0
2025-11-06 14:41:00,NSE:NIFTY,25534.05,25536.55,25527.55,25530.3,1612523.0
2025-11-06 14:42:00,NSE:NIFTY,25530.45,25544.95,25529.7,25543.55,919722.0
2025-11-06 14:43:00,NSE:NIFTY,25543.7,25546.35,25542.35,25545.3,453966.0
2025-11-06 14:44:00,NSE:NIFTY,25544.95,25546.9,25540.25,25542.4,503394.0
2025-11-06 14:45:00,NSE:NIFTY,25542.55,25549.15,25542.05,25547.8,598565.0
2025-11-06 14:46:00,NSE:NIFTY,25548.75,25554.5,25547.5,25552.95,690135.0
2025-11-06 14:47:00,NSE:NIFTY,25553.4,25557.6,25551.3,25556.8,759801.0
2025-11-06 14:48:00,NSE:NIFTY,25557.4,25557.65,25547.2,25547.5,635086.0
2025-11-06 14:49:00,NSE:NIFTY,25547.95,25548.15,25528.4,25529.6,1777391.0
2025-11-06 14:50:00,NSE:NIFTY,25530.5,25534.35,25526.95,25534.35,1572193.0
2025-11-06 14:51:00,NSE:NIFTY,25534.4,25550.3,25534.05,25549.05,890635.0
2025-11-06 14:52:00,NSE:NIFTY,25550.05,25551.3,25547.45,25547.9,595416.0
2025-11-06 14:53:00,NSE:NIFTY,25548.9,25549.75,25546.3,25548.15,672555.0
2025-11-06 14:54:00,NSE:NIFTY,25548.6,25549.45,25545.75,25546.9,679998.0
2025-11-06 14:55:00,NSE:NIFTY,25547.6,25547.75,25537.55,25537.75,1044370.0
2025-11-06 14:56:00,NSE:NIFTY,25538.55,25542.95,25535.75,25537.4,1257454.0
2025-11-06 14:57:00,NSE:NIFTY,25538.7,25550.0,25538.7,25549.95,1937503.0
2025-11-06 14:58:00,NSE:NIFTY,25550.95,25556.7,25545.95,25556.7,1651533.0
2025-11-06 14:59:00,NSE:NIFTY,25556.45,25564.6,25555.55,25555.55,1421360.0
2025-11-06 15:00:00,NSE:NIFTY,25555.1,25555.1,25534.45,25534.5,2246114.0
2025-11-06 15:01:00,NSE:NIFTY,25536.05,25536.1,25524.0,25529.15,2437099.0
2025-11-06 15:02:00,NSE:NIFTY,25528.2,25531.25,25522.05,25526.3,2000122.0
2025-11-06 15:03:00,NSE:NIFTY,25525.35,25528.2,25517.7,25518.15,1903775.0
2025-11-06 15:04:00,NSE:NIFTY,25518.4,25519.25,25513.8,25515.1,2215986.0
2025-11-06 15:05:00,NSE:NIFTY,25514.6,25516.2,25507.45,25514.15,2042199.0
2025-11-06 15:06:00,NSE:NIFTY,25512.85,25514.65,25504.2,25504.2,1916002.0
2025-11-06 15:07:00,NSE:NIFTY,25505.0,25505.45,25501.35,25504.25,2077261.0
2025-11-06 15:08:00,NSE:NIFTY,25504.45,25514.15,25504.45,25512.95,2421149.0
2025-11-06 15:09:00,NSE:NIFTY,25512.3,25513.3,25508.75,25511.35,1834910.0
2025-11-06 15:10:00,NSE:NIFTY,25509.8,25511.2,25497.05,25500.75,1871384.0
2025-11-06 15:11:00,NSE:NIFTY,25500.85,25501.6,25495.7,25496.9,1649261.0
2025-11-06 15:12:00,NSE:NIFTY,25496.45,25502.75,25496.45,25500.8,2266394.0
2025-11-06 15:13:00,NSE:NIFTY,25500.2,25501.6,25491.55,25495.3,3019596.0
2025-11-06 15:14:00,NSE:NIFTY,25494.2,25502.55,25494.0,25500.6,2566260.0
2025-11-06 15:15:00,NSE:NIFTY,25500.35,25512.7,25500.35,25507.0,2815835.0
2025-11-06 15:16:00,NSE:NIFTY,25507.6,25509.8,25498.7,25505.45,2814085.0
2025-11-06 15:17:00,NSE:NIFTY,25504.8,25509.65,25502.6,25508.8,1911750.0
2025-11-06 15:18:00,NSE:NIFTY,25509.15,25509.9,25499.25,25500.5,2352473.0
2025-11-06 15:19:00,NSE:NIFTY,25500.6,25515.05,25499.9,25514.7,2593855.0
2025-11-06 15:20:00,NSE:NIFTY,25513.8,25515.2,25505.2,25506.3,2778299.0
2025-11-06 15:21:00,NSE:NIFTY,25506.2,25508.9,25499.9,25501.4,2650462.0
2025-11-06 15:22:00,NSE:NIFTY,25501.45,25516.05,25500.2,25516.0,1868602.0
2025-11-06 15:23:00,NSE:NIFTY,25515.65,25517.1,25508.55,25509.45,1437147.0
2025-11-06 15:24:00,NSE:NIFTY,25509.55,25510.25,25504.5,25507.65,2155151.0
2025-11-06 15:25:00,NSE:NIFTY,25505.4,25506.9,25503.3,25505.65,1873557.0
2025-11-06 15:26:00,NSE:NIFTY,25504.7,25506.8,25500.85,25504.5,1608869.0
2025-11-06 15:27:00,NSE:NIFTY,25504.1,25519.85,25504.1,25517.05,2083546.0
2025-11-06 15:28:00,NSE:NIFTY,25517.95,25518.8,25509.4,25513.15,1619782.0
2025-11-06 15:29:00,NSE:NIFTY,25514.6,25521.45,25508.55,25519.95,793420.0
2025-11-07 09:15:00,NSE:NIFTY,25443.15,25447.1,25365.55,25372.05,16271360.0
2025-11-07 09:16:00,NSE:NIFTY,25371.15,25371.15,25358.3,25364.35,2383195.0
2025-11-07 09:17:00,NSE:NIFTY,25366.2,25380.45,25355.7,25371.4,2443020.0
2025-11-07 09:18:00,NSE:NIFTY,25372.05,25382.0,25371.2,25373.8,1329170.0
2025-11-07 09:19:00,NSE:NIFTY,25374.0,25382.4,25373.2,25378.45,1063541.0
2025-11-07 09:20:00,NSE:NIFTY,25378.15,25378.15,25358.55,25359.3,1380096.0
2025-11-07 09:21:00,NSE:NIFTY,25359.0,25362.7,25354.8,25358.1,1047342.0
2025-11-07 09:22:00,NSE:NIFTY,25357.8,25358.05,25331.4,25331.65,1114331.0
2025-11-07 09:23:00,NSE:NIFTY,25331.75,25336.9,25325.15,25327.4,1035754.0
2025-11-07 09:24:00,NSE:NIFTY,25330.65,25339.45,25327.75,25329.05,1181834.0
2025-11-07 09:25:00,NSE:NIFTY,25328.2,25341.25,25328.2,25340.55,1163177.0
2025-11-07 09:26:00,NSE:NIFTY,25340.95,25346.4,25333.45,25334.75,863233.0
2025-11-07 09:27:00,NSE:NIFTY,25336.2,25343.1,25331.85,25342.55,943033.0
2025-11-07 09:28:00,NSE:NIFTY,25341.8,25352.7,25340.1,25347.95,867820.0
2025-11-07 09:29:00,NSE:NIFTY,25347.55,25352.9,25343.2,25348.95,907222.0
2025-11-07 09:30:00,NSE:NIFTY,25348.85,25350.1,25335.5,25335.85,920435.0
2025-11-07 09:31:00,NSE:NIFTY,25337.45,25357.25,25337.45,25357.25,1026320.0
2025-11-07 09:32:00,NSE:NIFTY,25357.75,25362.35,25333.95,25333.95,851313.0
2025-11-07 09:33:00,NSE:NIFTY,25335.3,25338.15,25331.5,25335.2,658210.0
2025-11-07 09:34:00,NSE:NIFTY,25335.15,25335.8,25319.0,25320.0,940889.0
2025-11-07 09:35:00,NSE:NIFTY,25320.2,25324.6,25318.75,25320.95,946999.0
2025-11-07 09:36:00,NSE:NIFTY,25320.7,25325.75,25318.45,25322.7,912364.0
2025-11-07 09:37:00,NSE:NIFTY,25322.5,25328.85,25319.2,25328.15,946984.0
2025-11-07 09:38:00,NSE:NIFTY,25329.0,25337.4,25324.25,25337.0,714378.0
2025-11-07 09:39:00,NSE:NIFTY,25336.3,25340.9,25335.5,25339.95,598208.0
2025-11-07 09:40:00,NSE:NIFTY,25340.0,25350.95,25339.15,25350.0,795949.0
2025-11-07 09:41:00,NSE:NIFTY,25350.2,25353.05,25343.45,25343.85,688859.0
2025-11-07 09:42:00,NSE:NIFTY,25343.65,25349.75,25341.5,25342.3,697169.0
2025-11-07 09:43:00,NSE:NIFTY,25342.5,25344.9,25340.45,25343.75,667265.0
2025-11-07 09:44:00,NSE:NIFTY,25343.3,25356.5,25343.3,25355.05,909575.0
2025-11-07 09:45:00,NSE:NIFTY,25354.25,25356.85,25347.4,25352.5,778279.0
2025-11-07 09:46:00,NSE:NIFTY,25352.75,25363.15,25352.75,25363.15,602246.0
2025-11-07 09:47:00,NSE:NIFTY,25364.7,25383.35,25364.7,25383.35,813779.0
2025-11-07 09:48:00,NSE:NIFTY,25383.15,25384.2,25375.4,25378.3,652202.0
2025-11-07 09:49:00,NSE:NIFTY,25378.25,25391.15,25376.15,25389.8,857451.0
2025-11-07 09:50:00,NSE:NIFTY,25389.6,25390.4,25384.4,25389.85,863292.0
2025-11-07 09:51:00,NSE:NIFTY,25389.3,25390.95,25372.05,25373.9,794618.0
2025-11-07 09:52:00,NSE:NIFTY,25373.4,25380.6,25364.55,25365.85,770477.0
2025-11-07 09:53:00,NSE:NIFTY,25366.4,25369.3,25362.3,25362.95,574228.0
2025-11-07 09:54:00,NSE:NIFTY,25363.35,25364.35,25352.5,25352.5,571383.0
2025-11-07 09:55:00,NSE:NIFTY,25352.45,25352.5,25342.25,25343.1,827671.0
2025-11-07 09:56:00,NSE:NIFTY,25343.8,25346.4,25338.95,25339.7,945833.0
2025-11-07 09:57:00,NSE:NIFTY,25340.65,25349.6,25336.95,25349.05,587186.0
2025-11-07 09:58:00,NSE:NIFTY,25349.25,25351.3,25342.2,25344.15,412042.0
2025-11-07 09:59:00,NSE:NIFTY,25343.6,25344.5,25339.4,25342.25,384243.0
2025-11-07 10:00:00,NSE:NIFTY,25342.9,25343.7,25332.45,25336.5,591626.0
2025-11-07 10:01:00,NSE:NIFTY,25335.8,25346.5,25335.1,25344.0,560961.0
2025-11-07 10:02:00,NSE:NIFTY,25344.3,25344.75,25337.9,25344.0,511335.0
2025-11-07 10:03:00,NSE:NIFTY,25343.9,25347.85,25342.15,25344.85,404677.0
2025-11-07 10:04:00,NSE:NIFTY,25345.05,25352.3,25341.25,25341.5,559236.0
2025-11-07 10:05:00,NSE:NIFTY,25341.9,25348.8,25340.3,25340.3,432701.0
2025-11-07 10:06:00,NSE:NIFTY,25340.75,25346.4,25339.4,25342.3,563023.0
2025-11-07 10:07:00,NSE:NIFTY,25341.3,25343.0,25337.05,25342.35,371339.0
2025-11-07 10:08:00,NSE:NIFTY,25342.45,25351.95,25342.45,25347.7,420270.0
2025-11-07 10:09:00,NSE:NIFTY,25347.75,25347.75,25333.5,25334.75,425630.0
2025-11-07 10:10:00,NSE:NIFTY,25334.3,25347.6,25332.7,25341.35,688478.0
2025-11-07 10:11:00,NSE:NIFTY,25341.85,25342.35,25336.5,25341.65,347711.0
2025-11-07 10:12:00,NSE:NIFTY,25341.0,25343.25,25331.75,25334.6,487285.0
2025-11-07 10:13:00,NSE:NIFTY,25334.85,25343.6,25331.05,25341.3,722042.0
2025-11-07 10:14:00,NSE:NIFTY,25340.8,25348.5,25340.8,25343.25,300012.0
2025-11-07 10:15:00,NSE:NIFTY,25343.95,25347.55,25340.75,25347.55,438069.0
2025-11-07 10:16:00,NSE:NIFTY,25347.6,25347.6,25343.05,25343.55,293721.0
2025-11-07 10:17:00,NSE:NIFTY,25343.4,25349.6,25340.8,25348.3,349328.0
2025-11-07 10:18:00,NSE:NIFTY,25349.85,25352.15,25345.1,25345.1,360090.0
2025-11-07 10:19:00,NSE:NIFTY,25345.6,25347.0,25339.35,25346.25,302069.0
2025-11-07 10:20:00,NSE:NIFTY,25347.1,25354.5,25346.8,25351.95,270941.0
2025-11-07 10:21:00,NSE:NIFTY,25352.05,25352.6,25344.7,25347.2,260076.0
2025-11-07 10:22:00,NSE:NIFTY,25347.1,25348.0,25338.2,25342.25,282957.0
2025-11-07 10:23:00,NSE:NIFTY,25342.85,25353.55,25342.75,25352.15,470319.0
2025-11-07 10:24:00,NSE:NIFTY,25352.5,25354.45,25350.1,25352.85,444959.0
2025-11-07 10:25:00,NSE:NIFTY,25352.15,25352.4,25348.15,25352.05,301418.0
2025-11-07 10:26:00,NSE:NIFTY,25352.75,25354.8,25350.05,25350.05,322541.0
2025-11-07 10:27:00,NSE:NIFTY,25350.35,25350.35,25343.0,25343.0,487448.0
2025-11-07 10:28:00,NSE:NIFTY,25343.75,25353.65,25342.3,25352.45,818826.0
2025-11-07 10:29:00,NSE:NIFTY,25352.8,25357.25,25351.85,25356.85,331655.0
2025-11-07 10:30:00,NSE:NIFTY,25356.8,25359.25,25352.75,25352.8,503649.0
2025-11-07 10:31:00,NSE:NIFTY,25353.8,25357.2,25348.65,25352.2,405893.0
2025-11-07 10:32:00,NSE:NIFTY,25352.8,25354.85,25349.1,25353.85,345543.0
2025-11-07 10:33:00,NSE:NIFTY,25353.55,25357.35,25353.1,25356.1,373671.0
2025-11-07 10:34:00,NSE:NIFTY,25356.25,25364.45,25354.45,25364.45,624852.0
2025-11-07 10:35:00,NSE:NIFTY,25364.95,25364.95,25356.3,25359.75,440581.0
2025-11-07 10:36:00,NSE:NIFTY,25360.65,25362.25,25358.25,25359.8,303321.0
2025-11-07 10:37:00,NSE:NIFTY,25360.45,25370.7,25359.4,25369.5,352766.0
2025-11-07 10:38:00,NSE:NIFTY,25370.0,25371.95,25364.4,25365.15,431822.0
2025-11-07 10:39:00,NSE:NIFTY,25365.3,25369.7,25363.45,25367.9,770921.0
2025-11-07 10:40:00,NSE:NIFTY,25368.5,25374.15,25366.65,25372.4,657245.0
2025-11-07 10:41:00,NSE:NIFTY,25375.2,25378.4,25372.85,25376.2,632447.0
2025-11-07 10:42:00,NSE:NIFTY,25376.0,25379.05,25373.3,25376.75,589232.0
2025-11-07 10:43:00,NSE:NIFTY,25376.65,25385.9,25376.55,25381.25,482216.0
2025-11-07 10:44:00,NSE:NIFTY,25381.1,25382.2,25376.45,25378.6,350348.0
2025-11-07 10:45:00,NSE:NIFTY,25379.1,25381.7,25377.05,25378.3,460458.0
2025-11-07 10:46:00,NSE:NIFTY,25378.6,25384.7,25377.85,25380.55,503318.0
2025-11-07 10:47:00,NSE:NIFTY,25380.35,25386.55,25379.9,25383.8,701226.0
2025-11-07 10:48:00,NSE:NIFTY,25385.1,25385.65,25377.65,25377.65,500082.0
2025-11-07 10:49:00,NSE:NIFTY,25378.05,25379.35,25375.75,25377.4,368735.0
2025-11-07 10:50:00,NSE:NIFTY,25377.25,25381.0,25371.75,25372.0,1601237.0
2025-11-07 10:51:00,NSE:NIFTY,25372.5,25381.7,25365.45,25377.6,558868.0
2025-11-07 10:52:00,NSE:NIFTY,25377.7,25379.55,25375.25,25378.6,500963.0
2025-11-07 10:53:00,NSE:NIFTY,25378.75,25382.85,25377.2,25378.0,493975.0
2025-11-07 10:54:00,NSE:NIFTY,25377.25,25378.9,25369.3,25370.65,582548.0
2025-11-07 10:55:00,NSE:NIFTY,25371.4,25377.75,25368.15,25369.15,395057.0
2025-11-07 10:56:00,NSE:NIFTY,25369.1,25371.25,25362.95,25364.9,493324.0
2025-11-07 10:57:00,NSE:NIFTY,25365.5,25366.85,25362.7,25364.35,330273.0
2025-11-07 10:58:00,NSE:NIFTY,25363.4,25366.55,25354.2,25355.4,440889.0
2025-11-07 10:59:00,NSE:NIFTY,25355.3,25361.6,25355.3,25356.45,3448294.0
2025-11-07 11:00:00,NSE:NIFTY,25357.75,25366.45,25355.95,25365.45,786259.0
2025-11-07 11:01:00,NSE:NIFTY,25365.2,25366.75,25363.4,25364.7,369991.0
2025-11-07 11:02:00,NSE:NIFTY,25365.35,25373.0,25363.65,25368.1,269597.0
2025-11-07 11:03:00,NSE:NIFTY,25369.6,25372.55,25364.5,25364.95,374384.0
2025-11-07 11:04:00,NSE:NIFTY,25364.7,25367.0,25361.65,25363.0,348986.0
2025-11-07 11:05:00,NSE:NIFTY,25362.95,25364.1,25355.15,25355.8,457196.0
2025-11-07 11:06:00,NSE:NIFTY,25355.5,25359.25,25354.4,25354.9,566999.0
2025-11-07 11:07:00,NSE:NIFTY,25356.1,25358.65,25355.15,25356.75,358378.0
2025-11-07 11:08:00,NSE:NIFTY,25356.7,25363.3,25355.25,25361.55,261667.0
2025-11-07 11:09:00,NSE:NIFTY,25362.05,25371.45,25361.8,25370.2,472613.0
2025-11-07 11:10:00,NSE:NIFTY,25369.65,25378.65,25369.65,25377.25,346451.0
2025-11-07 11:11:00,NSE:NIFTY,25377.9,25385.1,25377.9,25383.2,549074.0
2025-11-07 11:12:00,NSE:NIFTY,25384.05,25402.5,25384.05,25401.3,563055.0
2025-11-07 11:13:00,NSE:NIFTY,25401.5,25410.75,25399.0,25410.3,825448.0
2025-11-07 11:14:00,NSE:NIFTY,25410.8,25413.8,25408.2,25409.95,968509.0
2025-11-07 11:15:00,NSE:NIFTY,25410.55,25418.0,25409.65,25410.75,759345.0
2025-11-07 11:16:00,NSE:NIFTY,25411.0,25416.4,25405.15,25416.4,555268.0
2025-11-07 11:17:00,NSE:NIFTY,25415.75,25418.45,25413.05,25415.2,432264.0
2025-11-07 11:18:00,NSE:NIFTY,25415.5,25420.75,25412.25,25415.45,422094.0
2025-11-07 11:19:00,NSE:NIFTY,25416.3,25418.75,25415.1,25415.1,653955.0
2025-11-07 11:20:00,NSE:NIFTY,25415.95,25417.65,25413.6,25413.6,636137.0
2025-11-07 11:21:00,NSE:NIFTY,25413.7,25427.25,25413.15,25427.25,803953.0
2025-11-07 11:22:00,NSE:NIFTY,25428.3,25430.1,25423.5,25427.4,623885.0
2025-11-07 11:23:00,NSE:NIFTY,25428.55,25431.75,25427.1,25427.9,445818.0
2025-11-07 11:24:00,NSE:NIFTY,25428.3,25432.3,25427.0,25429.55,967655.0
2025-11-07 11:25:00,NSE:NIFTY,25429.95,25430.6,25424.65,25424.95,540870.0
2025-11-07 11:26:00,NSE:NIFTY,25425.45,25430.85,25424.95,25428.3,508112.0
2025-11-07 11:27:00,NSE:NIFTY,25428.45,25432.0,25427.6,25431.2,440589.0
2025-11-07 11:28:00,NSE:NIFTY,25431.15,25434.5,25429.8,25434.15,440188.0
2025-11-07 11:29:00,NSE:NIFTY,25434.25,25441.75,25433.85,25440.25,384939.0
2025-11-07 11:30:00,NSE:NIFTY,25439.7,25457.9,25439.7,25457.05,732685.0
2025-11-07 11:31:00,NSE:NIFTY,25457.65,25464.9,25456.4,25456.45,609513.0
2025-11-07 11:32:00,NSE:NIFTY,25456.55,25465.85,25455.75,25464.75,553426.0
2025-11-07 11:33:00,NSE:NIFTY,25464.65,25471.35,25464.2,25466.5,630372.0
2025-11-07 11:34:00,NSE:NIFTY,25467.15,25467.15,25460.8,25460.8,643080.0
2025-11-07 11:35:00,NSE:NIFTY,25461.25,25466.25,25460.4,25460.7,746414.0
2025-11-07 11:36:00,NSE:NIFTY,25460.6,25467.7,25454.35,25455.35,672772.0
2025-11-07 11:37:00,NSE:NIFTY,25455.1,25458.25,25451.8,25452.4,1059809.0
2025-11-07 11:38:00,NSE:NIFTY,25452.6,25457.2,25449.5,25451.85,664037.0
2025-11-07 11:39:00,NSE:NIFTY,25452.2,25458.15,25447.8,25447.8,578810.0
2025-11-07 11:40:00,NSE:NIFTY,25447.75,25450.6,25440.75,25440.75,557519.0
2025-11-07 11:41:00,NSE:NIFTY,25442.4,25447.45,25442.4,25444.5,489865.0
2025-11-07 11:42:00,NSE:NIFTY,25444.45,25453.7,25443.55,25447.3,930034.0
2025-11-07 11:43:00,NSE:NIFTY,25446.85,25452.9,25446.1,25449.55,544363.0
2025-11-07 11:44:00,NSE:NIFTY,25449.35,25449.7,25446.0,25447.15,446278.0
2025-11-07 11:45:00,NSE:NIFTY,25446.95,25456.25,25444.95,25444.95,617425.0
2025-11-07 11:46:00,NSE:NIFTY,25444.3,25445.45,25436.65,25440.55,864555.0
2025-11-07 11:47:00,NSE:NIFTY,25441.2,25446.5,25441.15,25443.9,445072.0
2025-11-07 11:48:00,NSE:NIFTY,25443.7,25444.4,25437.9,25438.35,395389.0
2025-11-07 11:49:00,NSE:NIFTY,25438.75,25440.2,25434.1,25434.3,1179944.0
2025-11-07 11:50:00,NSE:NIFTY,25434.7,25434.8,25425.1,25430.4,835251.0
2025-11-07 11:51:00,NSE:NIFTY,25431.45,25437.95,25431.45,25433.45,650957.0
2025-11-07 11:52:00,NSE:NIFTY,25433.75,25440.05,25433.4,25439.15,685307.0
2025-11-07 11:53:00,NSE:NIFTY,25440.7,25441.55,25432.2,25432.3,525807.0
2025-11-07 11:54:00,NSE:NIFTY,25431.95,25438.45,25429.6,25437.7,355132.0
2025-11-07 11:55:00,NSE:NIFTY,25437.55,25438.15,25433.2,25436.45,370788.0
2025-11-07 11:56:00,NSE:NIFTY,25436.0,25442.2,25435.55,25441.45,363135.0
2025-11-07 11:57:00,NSE:NIFTY,25442.05,25443.15,25433.5,25434.05,516772.0
2025-11-07 11:58:00,NSE:NIFTY,25433.85,25436.5,25432.25,25434.9,461892.0
2025-11-07 11:59:00,NSE:NIFTY,25434.6,25438.1,25433.4,25437.95,387874.0
2025-11-07 12:00:00,NSE:NIFTY,25437.75,25438.5,25429.05,25429.35,710422.0
2025-11-07 12:01:00,NSE:NIFTY,25430.05,25439.95,25430.05,25439.9,463356.0
2025-11-07 12:02:00,NSE:NIFTY,25440.35,25449.8,25439.15,25448.6,355501.0
2025-11-07 12:03:00,NSE:NIFTY,25448.65,25448.65,25444.05,25446.2,308376.0
2025-11-07 12:04:00,NSE:NIFTY,25446.45,25451.0,25444.4,25449.95,381097.0
2025-11-07 12:05:00,NSE:NIFTY,25449.55,25449.75,25443.85,25443.85,291804.0
2025-11-07 12:06:00,NSE:NIFTY,25443.7,25443.7,25438.0,25442.3,344532.0
2025-11-07 12:07:00,NSE:NIFTY,25442.8,25444.25,25439.65,25440.2,279662.0
2025-11-07 12:08:00,NSE:NIFTY,25440.25,25445.85,25439.9,25444.65,887447.0
2025-11-07 12:09:00,NSE:NIFTY,25445.8,25447.45,25442.85,25445.15,446631.0
2025-11-07 12:10:00,NSE:NIFTY,25444.55,25447.45,25441.6,25445.05,456238.0
2025-11-07 12:11:00,NSE:NIFTY,25444.55,25449.5,25442.25,25443.3,758344.0
2025-11-07 12:12:00,NSE:NIFTY,25442.95,25446.7,25442.5,25443.95,360528.0
2025-11-07 12:13:00,NSE:NIFTY,25446.85,25456.35,25444.9,25454.5,706475.0
2025-11-07 12:14:00,NSE:NIFTY,25454.35,25460.05,25453.5,25454.2,332189.0
2025-11-07 12:15:00,NSE:NIFTY,25454.85,25457.8,25452.1,25455.0,334329.0
2025-11-07 12:16:00,NSE:NIFTY,25455.35,25457.65,25449.9,25450.6,674577.0
2025-11-07 12:17:00,NSE:NIFTY,25449.9,25452.7,25447.05,25449.95,505210.0
2025-11-07 12:18:00,NSE:NIFTY,25450.3,25457.1,25449.85,25456.55,557385.0
2025-11-07 12:19:00,NSE:NIFTY,25456.6,25460.6,25456.55,25458.3,526704.0
2025-11-07 12:20:00,NSE:NIFTY,25457.8,25459.4,25456.3,25457.25,382879.0
2025-11-07 12:21:00,NSE:NIFTY,25458.3,25466.15,25457.8,25462.95,346530.0
2025-11-07 12:22:00,NSE:NIFTY,25463.7,25465.35,25461.0,25461.0,297402.0
2025-11-07 12:23:00,NSE:NIFTY,25462.45,25462.45,25450.15,25450.15,380560.0
2025-11-07 12:24:00,NSE:NIFTY,25450.55,25454.3,25449.9,25450.3,440408.0
2025-11-07 12:25:00,NSE:NIFTY,25450.25,25458.45,25450.25,25458.25,474296.0
2025-11-07 12:26:00,NSE:NIFTY,25458.5,25465.0,25458.35,25459.95,450473.0
2025-11-07 12:27:00,NSE:NIFTY,25459.85,25462.8,25457.35,25458.65,491609.0
2025-11-07 12:28:00,NSE:NIFTY,25458.5,25462.4,25452.05,25452.4,602653.0
2025-11-07 12:29:00,NSE:NIFTY,25452.8,25457.2,25452.8,25457.15,299767.0
2025-11-07 12:30:00,NSE:NIFTY,25456.9,25462.85,25456.9,25457.4,373912.0
2025-11-07 12:31:00,NSE:NIFTY,25457.2,25460.3,25456.85,25458.3,328241.0
2025-11-07 12:32:00,NSE:NIFTY,25458.6,25465.8,25458.6,25464.1,375022.0
2025-11-07 12:33:00,NSE:NIFTY,25464.65,25468.7,25463.5,25467.55,375455.0
2025-11-07 12:34:00,NSE:NIFTY,25466.85,25468.4,25461.65,25461.8,288029.0
2025-11-07 12:35:00,NSE:NIFTY,25462.1,25464.05,25459.8,25460.45,270300.0
2025-11-07 12:36:00,NSE:NIFTY,25459.15,25462.8,25458.2,25461.35,282424.0
2025-11-07 12:37:00,NSE:NIFTY,25465.15,25472.2,25462.15,25469.15,525598.0
2025-11-07 12:38:00,NSE:NIFTY,25469.3,25471.7,25467.05,25469.45,378384.0
2025-11-07 12:39:00,NSE:NIFTY,25469.15,25475.2,25469.15,25471.95,376717.0
2025-11-07 12:40:00,NSE:NIFTY,25471.8,25483.3,25471.3,25480.9,1001816.0
2025-11-07 12:41:00,NSE:NIFTY,25480.95,25484.45,25477.85,25481.9,506188.0
2025-11-07 12:42:00,NSE:NIFTY,25481.8,25483.2,25476.7,25477.0,450829.0
2025-11-07 12:43:00,NSE:NIFTY,25477.7,25480.7,25475.8,25477.45,561176.0
2025-11-07 12:44:00,NSE:NIFTY,25477.3,25482.6,25477.3,25482.6,393136.0
2025-11-07 12:45:00,NSE:NIFTY,25483.05,25488.65,25481.85,25487.85,530163.0
2025-11-07 12:46:00,NSE:NIFTY,25488.4,25489.35,25479.65,25479.65,562503.0
2025-11-07 12:47:00,NSE:NIFTY,25480.0,25486.8,25478.9,25479.65,556628.0
2025-11-07 12:48:00,NSE:NIFTY,25479.85,25480.45,25474.5,25475.25,809721.0
2025-11-07 12:49:00,NSE:NIFTY,25476.35,25487.95,25476.0,25486.25,434413.0
2025-11-07 12:50:00,NSE:NIFTY,25486.2,25501.55,25484.2,25499.25,617044.0
2025-11-07 12:51:00,NSE:NIFTY,25501.0,25502.65,25492.2,25492.45,801996.0
2025-11-07 12:52:00,NSE:NIFTY,25493.2,25493.4,25481.85,25483.55,508063.0
2025-11-07 12:53:00,NSE:NIFTY,25483.9,25484.2,25474.95,25475.55,535763.0
2025-11-07 12:54:00,NSE:NIFTY,25475.75,25483.85,25474.75,25477.7,475464.0
2025-11-07 12:55:00,NSE:NIFTY,25478.45,25483.05,25475.65,25475.65,927856.0
2025-11-07 12:56:00,NSE:NIFTY,25476.3,25479.1,25473.9,25473.9,349725.0
2025-11-07 12:57:00,NSE:NIFTY,25473.85,25479.2,25472.55,25476.5,376490.0
2025-11-07 12:58:00,NSE:NIFTY,25476.95,25488.7,25476.65,25487.15,689415.0
2025-11-07 12:59:00,NSE:NIFTY,25487.0,25492.95,25485.15,25491.25,638869.0
2025-11-07 13:00:00,NSE:NIFTY,25491.5,25496.45,25489.0,25494.4,583034.0
2025-11-07 13:01:00,NSE:NIFTY,25495.0,25499.8,25493.25,25493.25,553478.0
2025-11-07 13:02:00,NSE:NIFTY,25493.65,25494.9,25490.65,25491.35,474303.0
2025-11-07 13:03:00,NSE:NIFTY,25491.45,25496.3,25491.25,25492.4,615909.0
2025-11-07 13:04:00,NSE:NIFTY,25492.3,25495.65,25488.9,25491.25,471493.0
2025-11-07 13:05:00,NSE:NIFTY,25491.8,25497.25,25491.1,25492.7,626518.0
2025-11-07 13:06:00,NSE:NIFTY,25493.0,25494.2,25484.4,25484.55,718559.0
2025-11-07 13:07:00,NSE:NIFTY,25485.4,25492.4,25482.95,25484.25,663935.0
2025-11-07 13:08:00,NSE:NIFTY,25484.65,25490.4,25479.5,25481.5,488095.0
2025-11-07 13:09:00,NSE:NIFTY,25481.7,25489.4,25481.15,25486.35,536163.0
2025-11-07 13:10:00,NSE:NIFTY,25486.75,25489.7,25482.55,25482.55,587193.0
2025-11-07 13:11:00,NSE:NIFTY,25482.5,25490.05,25482.25,25488.15,576159.0
2025-11-07 13:12:00,NSE:NIFTY,25488.0,25490.7,25485.45,25485.65,475432.0
2025-11-07 13:13:00,NSE:NIFTY,25485.4,25487.0,25478.8,25480.55,651730.0
2025-11-07 13:14:00,NSE:NIFTY,25480.45,25488.65,25477.75,25486.3,375338.0
2025-11-07 13:15:00,NSE:NIFTY,25487.5,25490.95,25487.5,25488.75,410177.0
2025-11-07 13:16:00,NSE:NIFTY,25488.9,25489.85,25483.75,25489.55,1030327.0
2025-11-07 13:17:00,NSE:NIFTY,25488.35,25497.05,25486.05,25491.8,681492.0
2025-11-07 13:18:00,NSE:NIFTY,25492.5,25493.3,25489.2,25489.2,656367.0
2025-11-07 13:19:00,NSE:NIFTY,25489.4,25492.9,25485.45,25489.1,734999.0
2025-11-07 13:20:00,NSE:NIFTY,25489.5,25494.2,25483.65,25485.7,1325676.0
2025-11-07 13:21:00,NSE:NIFTY,25485.8,25489.55,25485.15,25487.9,738071.0
2025-11-07 13:22:00,NSE:NIFTY,25487.7,25494.6,25487.7,25490.15,555022.0
2025-11-07 13:23:00,NSE:NIFTY,25490.3,25494.7,25488.45,25490.7,637434.0
2025-11-07 13:24:00,NSE:NIFTY,25490.25,25494.2,25488.45,25488.45,970305.0
2025-11-07 13:25:00,NSE:NIFTY,25488.9,25495.3,25488.6,25492.35,551686.0
2025-11-07 13:26:00,NSE:NIFTY,25491.8,25526.85,25491.7,25525.2,749825.0
2025-11-07 13:27:00,NSE:NIFTY,25526.15,25540.85,25526.15,25531.4,877563.0
2025-11-07 13:28:00,NSE:NIFTY,25531.6,25535.95,25529.2,25533.4,513147.0
2025-11-07 13:29:00,NSE:NIFTY,25533.25,25538.9,25530.65,25531.2,517542.0
2025-11-07 13:30:00,NSE:NIFTY,25531.8,25538.95,25527.95,25528.3,635604.0
2025-11-07 13:31:00,NSE:NIFTY,25527.75,25530.95,25526.0,25530.25,533625.0
2025-11-07 13:32:00,NSE:NIFTY,25530.4,25536.8,25529.15,25535.8,783118.0
2025-11-07 13:33:00,NSE:NIFTY,25535.65,25537.4,25533.35,25536.0,403989.0
2025-11-07 13:34:00,NSE:NIFTY,25536.1,25539.8,25534.05,25537.4,348538.0
2025-11-07 13:35:00,NSE:NIFTY,25537.95,25545.0,25537.95,25540.55,875858.0
2025-11-07 13:36:00,NSE:NIFTY,25540.25,25543.2,25537.65,25539.4,447196.0
2025-11-07 13:37:00,NSE:NIFTY,25539.6,25541.05,25535.4,25535.4,373128.0
2025-11-07 13:38:00,NSE:NIFTY,25535.95,25538.95,25533.75,25535.0,497973.0
2025-11-07 13:39:00,NSE:NIFTY,25534.2,25541.15,25533.95,25539.8,586731.0
2025-11-07 13:40:00,NSE:NIFTY,25539.95,25545.05,25538.2,25538.5,483604.0
2025-11-07 13:41:00,NSE:NIFTY,25538.8,25542.25,25536.45,25537.95,376499.0
2025-11-07 13:42:00,NSE:NIFTY,25538.6,25547.85,25538.15,25543.35,574965.0
2025-11-07 13:43:00,NSE:NIFTY,25543.85,25545.1,25534.0,25535.25,432726.0
2025-11-07 13:44:00,NSE:NIFTY,25535.3,25540.7,25535.25,25537.05,688519.0
2025-11-07 13:45:00,NSE:NIFTY,25537.2,25551.25,25537.2,25545.55,692237.0
2025-11-07 13:46:00,NSE:NIFTY,25545.3,25548.1,25540.55,25540.55,657099.0
2025-11-07 13:47:00,NSE:NIFTY,25540.45,25543.15,25534.0,25534.0,518169.0
2025-11-07 13:48:00,NSE:NIFTY,25534.2,25537.85,25533.4,25534.5,397408.0
2025-11-07 13:49:00,NSE:NIFTY,25534.05,25538.65,25530.25,25530.65,540885.0
2025-11-07 13:50:00,NSE:NIFTY,25531.35,25532.1,25524.0,25524.3,807589.0
2025-11-07 13:51:00,NSE:NIFTY,25524.7,25527.05,25523.6,25523.6,397751.0
2025-11-07 13:52:00,NSE:NIFTY,25523.55,25528.0,25523.2,25525.2,433028.0
2025-11-07 13:53:00,NSE:NIFTY,25525.55,25527.25,25521.5,25524.7,465369.0
2025-11-07 13:54:00,NSE:NIFTY,25524.55,25527.95,25523.05,25525.85,444306.0
2025-11-07 13:55:00,NSE:NIFTY,25524.85,25525.45,25510.15,25510.15,749427.0
2025-11-07 13:56:00,NSE:NIFTY,25510.25,25513.3,25509.8,25511.0,592696.0
2025-11-07 13:57:00,NSE:NIFTY,25510.8,25510.8,25499.35,25499.35,699684.0
2025-11-07 13:58:00,NSE:NIFTY,25499.8,25503.5,25495.85,25495.85,501666.0
2025-11-07 13:59:00,NSE:NIFTY,25496.25,25498.35,25491.35,25492.85,478686.0
2025-11-07 14:00:00,NSE:NIFTY,25493.9,25496.55,25488.95,25490.15,741054.0
2025-11-07 14:01:00,NSE:NIFTY,25491.4,25491.5,25474.85,25476.2,964552.0
2025-11-07 14:02:00,NSE:NIFTY,25477.0,25484.85,25477.0,25482.8,445993.0
2025-11-07 14:03:00,NSE:NIFTY,25482.25,25482.75,25472.25,25472.25,603152.0
2025-11-07 14:04:00,NSE:NIFTY,25473.2,25474.3,25468.25,25469.15,916367.0
2025-11-07 14:05:00,NSE:NIFTY,25468.9,25472.0,25459.75,25459.75,616020.0
2025-11-07 14:06:00,NSE:NIFTY,25460.95,25468.25,25456.6,25467.7,1033667.0
2025-11-07 14:07:00,NSE:NIFTY,25468.55,25476.35,25466.5,25473.6,568829.0
2025-11-07 14:08:00,NSE:NIFTY,25474.2,25477.9,25469.75,25473.55,482282.0
2025-11-07 14:09:00,NSE:NIFTY,25473.95,25478.25,25471.75,25473.2,555517.0
2025-11-07 14:10:00,NSE:NIFTY,25473.35,25477.75,25469.5,25469.5,653731.0
2025-11-07 14:11:00,NSE:NIFTY,25469.95,25482.95,25468.75,25476.4,608896.0
2025-11-07 14:12:00,NSE:NIFTY,25476.65,25481.0,25473.65,25473.65,546970.0
2025-11-07 14:13:00,NSE:NIFTY,25471.8,25475.05,25471.65,25474.4,585998.0
2025-11-07 14:14:00,NSE:NIFTY,25473.7,25476.35,25472.6,25474.4,393179.0
2025-11-07 14:15:00,NSE:NIFTY,25474.0,25480.4,25469.3,25470.45,633878.0
2025-11-07 14:16:00,NSE:NIFTY,25470.55,25481.8,25470.45,25480.3,909853.0
2025-11-07 14:17:00,NSE:NIFTY,25479.7,25483.45,25473.65,25474.95,439953.0
2025-11-07 14:18:00,NSE:NIFTY,25474.6,25477.8,25474.1,25476.75,430883.0
2025-11-07 14:19:00,NSE:NIFTY,25476.8,25482.75,25476.6,25482.15,405265.0
2025-11-07 14:20:00,NSE:NIFTY,25482.2,25490.35,25482.2,25489.95,403723.0
2025-11-07 14:21:00,NSE:NIFTY,25489.5,25492.8,25488.4,25489.35,914518.0
2025-11-07 14:22:00,NSE:NIFTY,25490.0,25490.7,25487.2,25490.7,363456.0
2025-11-07 14:23:00,NSE:NIFTY,25490.4,25513.55,25490.4,25512.5,976096.0
2025-11-07 14:24:00,NSE:NIFTY,25513.15,25518.3,25512.85,25516.3,611010.0
2025-11-07 14:25:00,NSE:NIFTY,25516.2,25520.65,25515.7,25516.5,515963.0
2025-11-07 14:26:00,NSE:NIFTY,25516.0,25522.35,25515.3,25521.0,613077.0
2025-11-07 14:27:00,NSE:NIFTY,25521.3,25533.7,25521.3,25532.75,736507.0
2025-11-07 14:28:00,NSE:NIFTY,25533.35,25536.45,25529.75,25535.35,439168.0
2025-11-07 14:29:00,NSE:NIFTY,25534.75,25536.65,25531.75,25533.65,629716.0
2025-11-07 14:30:00,NSE:NIFTY,25533.2,25540.5,25530.85,25531.8,681551.0
2025-11-07 14:31:00,NSE:NIFTY,25531.95,25533.55,25527.15,25527.8,818638.0
2025-11-07 14:32:00,NSE:NIFTY,25527.1,25535.2,25526.8,25531.05,567531.0
2025-11-07 14:33:00,NSE:NIFTY,25530.65,25534.1,25524.15,25524.65,545133.0
2025-11-07 14:34:00,NSE:NIFTY,25524.8,25528.0,25518.7,25519.35,502041.0
2025-11-07 14:35:00,NSE:NIFTY,25518.8,25523.75,25516.75,25520.6,637848.0
2025-11-07 14:36:00,NSE:NIFTY,25521.2,25524.5,25516.45,25516.45,611219.0
2025-11-07 14:37:00,NSE:NIFTY,25517.5,25521.4,25515.3,25518.05,554216.0
2025-11-07 14:38:00,NSE:NIFTY,25518.0,25521.5,25517.35,25517.35,468154.0
2025-11-07 14:39:00,NSE:NIFTY,25518.2,25519.6,25514.25,25515.3,556494.0
2025-11-07 14:40:00,NSE:NIFTY,25515.25,25518.9,25510.75,25511.55,641620.0
2025-11-07 14:41:00,NSE:NIFTY,25512.3,25514.75,25507.75,25513.9,508786.0
2025-11-07 14:42:00,NSE:NIFTY,25513.7,25516.55,25512.25,25512.85,531464.0
2025-11-07 14:43:00,NSE:NIFTY,25513.2,25517.95,25510.8,25513.75,581051.0
2025-11-07 14:44:00,NSE:NIFTY,25514.35,25518.8,25511.7,25512.75,505196.0
2025-11-07 14:45:00,NSE:NIFTY,25512.85,25513.8,25501.3,25505.0,615491.0
2025-11-07 14:46:00,NSE:NIFTY,25505.55,25511.25,25504.85,25506.65,661439.0
2025-11-07 14:47:00,NSE:NIFTY,25509.3,25510.4,25505.3,25508.45,499711.0
2025-11-07 14:48:00,NSE:NIFTY,25508.95,25511.75,25506.35,25507.15,401317.0
2025-11-07 14:49:00,NSE:NIFTY,25506.35,25508.45,25501.75,25504.0,626945.0
2025-11-07 14:50:00,NSE:NIFTY,25503.95,25506.6,25499.1,25499.55,530949.0
2025-11-07 14:51:00,NSE:NIFTY,25500.85,25501.3,25497.3,25499.1,465067.0
2025-11-07 14:52:00,NSE:NIFTY,25499.15,25502.55,25495.15,25495.85,496519.0
2025-11-07 14:53:00,NSE:NIFTY,25496.75,25498.9,25494.7,25497.1,432466.0
2025-11-07 14:54:00,NSE:NIFTY,25497.15,25498.45,25494.8,25495.6,442637.0
2025-11-07 14:55:00,NSE:NIFTY,25495.75,25503.5,25495.75,25501.0,531243.0
2025-11-07 14:56:00,NSE:NIFTY,25500.85,25503.6,25498.95,25499.6,448298.0
2025-11-07 14:57:00,NSE:NIFTY,25500.5,25504.05,25493.05,25493.2,616125.0
2025-11-07 14:58:00,NSE:NIFTY,25493.6,25493.6,25486.75,25486.75,713483.0
2025-11-07 14:59:00,NSE:NIFTY,25488.25,25490.55,25484.6,25490.2,531008.0
2025-11-07 15:00:00,NSE:NIFTY,25490.1,25496.75,25489.75,25493.05,1459451.0
2025-11-07 15:01:00,NSE:NIFTY,25492.85,25494.85,25481.2,25482.05,1110870.0
2025-11-07 15:02:00,NSE:NIFTY,25482.9,25487.5,25478.9,25479.05,915207.0
2025-11-07 15:03:00,NSE:NIFTY,25480.15,25481.0,25473.1,25473.85,1179163.0
2025-11-07 15:04:00,NSE:NIFTY,25474.25,25481.9,25474.05,25480.0,1042299.0
2025-11-07 15:05:00,NSE:NIFTY,25481.65,25482.5,25478.95,25479.4,1097104.0
2025-11-07 15:06:00,NSE:NIFTY,25479.95,25481.1,25474.0,25475.75,1063667.0
2025-11-07 15:07:00,NSE:NIFTY,25475.9,25481.8,25475.7,25479.25,1324722.0
2025-11-07 15:08:00,NSE:NIFTY,25479.85,25486.65,25479.85,25482.45,1052965.0
2025-11-07 15:09:00,NSE:NIFTY,25482.75,25483.65,25478.7,25481.9,977506.0
2025-11-07 15:10:00,NSE:NIFTY,25482.15,25482.45,25477.1,25477.3,1347869.0
2025-11-07 15:11:00,NSE:NIFTY,25477.6,25483.25,25476.85,25482.3,1388212.0
2025-11-07 15:12:00,NSE:NIFTY,25481.75,25484.15,25477.7,25477.7,1216303.0
2025-11-07 15:13:00,NSE:NIFTY,25477.8,25480.5,25477.6,25477.6,1170143.0
2025-11-07 15:14:00,NSE:NIFTY,25478.45,25487.4,25478.45,25486.85,1781200.0
2025-11-07 15:15:00,NSE:NIFTY,25486.6,25508.4,25485.75,25507.8,1902365.0
2025-11-07 15:16:00,NSE:NIFTY,25507.2,25512.75,25505.75,25510.85,1639477.0
2025-11-07 15:17:00,NSE:NIFTY,25511.15,25513.25,25509.3,25511.5,1231040.0
2025-11-07 15:18:00,NSE:NIFTY,25510.75,25512.2,25507.7,25509.3,1298705.0
2025-11-07 15:19:00,NSE:NIFTY,25508.45,25509.6,25500.2,25502.1,1337709.0
2025-11-07 15:20:00,NSE:NIFTY,25500.6,25502.25,25496.5,25502.25,1775552.0
2025-11-07 15:21:00,NSE:NIFTY,25501.35,25516.1,25501.35,25507.95,2327284.0
2025-11-07 15:22:00,NSE:NIFTY,25506.8,25508.2,25500.2,25500.55,1074762.0
2025-11-07 15:23:00,NSE:NIFTY,25500.1,25500.15,25496.9,25498.25,1040918.0
2025-11-07 15:24:00,NSE:NIFTY,25498.1,25500.65,25495.85,25498.75,1754898.0
2025-11-07 15:25:00,NSE:NIFTY,25499.7,25501.05,25497.55,25498.85,1297403.0
2025-11-07 15:26:00,NSE:NIFTY,25498.25,25499.3,25496.35,25499.0,1208074.0
2025-11-07 15:27:00,NSE:NIFTY,25497.25,25502.75,25496.5,25502.75,1394217.0
2025-11-07 15:28:00,NSE:NIFTY,25501.0,25507.0,25501.0,25506.4,1378057.0
2025-11-07 15:29:00,NSE:NIFTY,25506.9,25511.75,25500.9,25510.8,1134867.0
2025-11-10 09:15:00,NSE:NIFTY,25522.05,25591.45,25515.8,25577.05,4254552.0
2025-11-10 09:16:00,NSE:NIFTY,25576.5,25576.5,25556.65,25557.25,1867640.0
2025-11-10 09:17:00,NSE:NIFTY,25554.75,25558.65,25545.15,25546.7,1846307.0
2025-11-10 09:18:00,NSE:NIFTY,25548.55,25574.1,25548.15,25572.8,1302272.0
2025-11-10 09:19:00,NSE:NIFTY,25570.75,25570.75,25553.3,25554.6,1255636.0
2025-11-10 09:20:00,NSE:NIFTY,25551.65,25565.65,25548.35,25560.45,1513639.0
2025-11-10 09:21:00,NSE:NIFTY,25560.85,25565.7,25550.35,25551.0,941042.0
2025-11-10 09:22:00,NSE:NIFTY,25550.0,25550.0,25535.9,25535.9,1109166.0
2025-11-10 09:23:00,NSE:NIFTY,25534.85,25536.45,25527.95,25529.9,1433345.0
2025-11-10 09:24:00,NSE:NIFTY,25529.85,25529.85,25521.5,25526.55,1181143.0
2025-11-10 09:25:00,NSE:NIFTY,25524.45,25527.6,25515.3,25515.9,1008109.0
2025-11-10 09:26:00,NSE:NIFTY,25515.8,25537.05,25515.45,25531.55,728963.0
2025-11-10 09:27:00,NSE:NIFTY,25530.75,25541.3,25527.1,25540.3,686876.0
2025-11-10 09:28:00,NSE:NIFTY,25538.7,25540.45,25525.4,25526.25,796119.0
2025-11-10 09:29:00,NSE:NIFTY,25525.7,25539.25,25524.6,25539.25,845353.0
2025-11-10 09:30:00,NSE:NIFTY,25539.6,25552.45,25538.65,25551.55,954975.0
2025-11-10 09:31:00,NSE:NIFTY,25551.75,25561.9,25548.05,25560.6,877242.0
2025-11-10 09:32:00,NSE:NIFTY,25561.05,25561.45,25550.5,25556.2,729499.0
2025-11-10 09:33:00,NSE:NIFTY,25555.9,25555.9,25542.55,25551.55,629909.0
2025-11-10 09:34:00,NSE:NIFTY,25550.7,25559.35,25547.6,25559.35,463245.0
2025-11-10 09:35:00,NSE:NIFTY,25558.0,25570.7,25558.0,25569.95,521304.0
2025-11-10 09:36:00,NSE:NIFTY,25570.1,25571.2,25566.65,25569.95,507769.0
2025-11-10 09:37:00,NSE:NIFTY,25569.2,25574.15,25568.25,25571.5,520737.0
2025-11-10 09:38:00,NSE:NIFTY,25570.3,25578.25,25569.7,25575.35,700504.0
2025-11-10 09:39:00,NSE:NIFTY,25574.8,25579.15,25572.95,25574.7,923187.0
2025-11-10 09:40:00,NSE:NIFTY,25574.55,25575.05,25556.75,25560.8,740011.0
2025-11-10 09:41:00,NSE:NIFTY,25561.35,25568.3,25559.4,25565.65,801144.0
2025-11-10 09:42:00,NSE:NIFTY,25566.35,25566.35,25551.65,25551.65,660242.0
2025-11-10 09:43:00,NSE:NIFTY,25550.45,25555.5,25543.55,25549.55,596208.0
2025-11-10 09:44:00,NSE:NIFTY,25548.3,25552.75,25545.5,25552.75,472345.0
2025-11-10 09:45:00,NSE:NIFTY,25553.2,25560.9,25548.7,25551.05,590557.0
2025-11-10 09:46:00,NSE:NIFTY,25551.75,25559.65,25549.95,25558.7,489235.0
2025-11-10 09:47:00,NSE:NIFTY,25559.05,25570.95,25558.3,25570.95,606221.0
2025-11-10 09:48:00,NSE:NIFTY,25571.4,25582.25,25570.95,25582.1,545170.0
2025-11-10 09:49:00,NSE:NIFTY,25582.25,25583.15,25574.5,25580.65,515727.0
2025-11-10 09:50:00,NSE:NIFTY,25579.75,25582.7,25574.65,25576.05,336699.0
2025-11-10 09:51:00,NSE:NIFTY,25575.75,25592.75,25574.45,25591.85,583765.0
2025-11-10 09:52:00,NSE:NIFTY,25591.75,25592.05,25586.15,25590.8,424605.0
2025-11-10 09:53:00,NSE:NIFTY,25590.95,25593.5,25588.6,25589.75,491492.0
2025-11-10 09:54:00,NSE:NIFTY,25589.95,25595.75,25588.45,25592.9,417910.0
2025-11-10 09:55:00,NSE:NIFTY,25593.3,25593.65,25588.9,25592.05,506117.0
2025-11-10 09:56:00,NSE:NIFTY,25590.4,25591.4,25578.55,25579.6,701995.0
2025-11-10 09:57:00,NSE:NIFTY,25579.3,25583.65,25576.1,25578.55,671419.0
2025-11-10 09:58:00,NSE:NIFTY,25577.8,25579.65,25568.65,25568.65,614164.0
2025-11-10 09:59:00,NSE:NIFTY,25567.9,25573.4,25565.05,25568.1,477462.0
2025-11-10 10:00:00,NSE:NIFTY,25568.2,25573.75,25566.7,25567.9,345561.0
2025-11-10 10:01:00,NSE:NIFTY,25568.95,25574.95,25568.15,25574.95,291266.0
2025-11-10 10:02:00,NSE:NIFTY,25575.25,25575.35,25560.95,25561.5,516791.0
2025-11-10 10:03:00,NSE:NIFTY,25559.55,25564.65,25555.6,25561.65,447334.0
2025-11-10 10:04:00,NSE:NIFTY,25561.9,25561.9,25553.1,25555.6,623499.0
2025-11-10 10:05:00,NSE:NIFTY,25555.55,25562.6,25552.3,25553.2,955251.0
2025-11-10 10:06:00,NSE:NIFTY,25552.8,25559.1,25552.8,25556.7,318331.0
2025-11-10 10:07:00,NSE:NIFTY,25557.35,25566.85,25556.4,25563.0,339610.0
2025-11-10 10:08:00,NSE:NIFTY,25563.55,25565.15,25559.35,25562.15,501043.0
2025-11-10 10:09:00,NSE:NIFTY,25562.3,25566.5,25559.55,25566.35,328828.0
2025-11-10 10:10:00,NSE:NIFTY,25566.05,25566.45,25560.45,25560.75,551349.0
2025-11-10 10:11:00,NSE:NIFTY,25560.55,25571.25,25558.65,25570.05,491375.0
2025-11-10 10:12:00,NSE:NIFTY,25570.25,25578.1,25569.1,25577.45,549049.0
2025-11-10 10:13:00,NSE:NIFTY,25577.7,25579.55,25572.2,25577.5,509105.0
2025-11-10 10:14:00,NSE:NIFTY,25577.05,25577.05,25571.3,25576.0,374443.0
2025-11-10 10:15:00,NSE:NIFTY,25575.9,25584.9,25575.2,25583.75,480544.0
2025-11-10 10:16:00,NSE:NIFTY,25583.1,25597.7,25582.75,25596.0,536886.0
2025-11-10 10:17:00,NSE:NIFTY,25598.1,25598.1,25593.15,25594.0,359001.0
2025-11-10 10:18:00,NSE:NIFTY,25594.1,25600.0,25591.4,25598.6,638772.0
2025-11-10 10:19:00,NSE:NIFTY,25599.0,25602.7,25596.55,25602.45,574929.0
2025-11-10 10:20:00,NSE:NIFTY,25601.85,25611.65,25601.85,25611.2,562704.0
2025-11-10 10:21:00,NSE:NIFTY,25611.4,25612.85,25607.0,25611.6,805891.0
2025-11-10 10:22:00,NSE:NIFTY,25611.2,25615.85,25607.1,25613.9,622134.0
2025-11-10 10:23:00,NSE:NIFTY,25611.65,25615.1,25605.75,25614.7,479011.0
2025-11-10 10:24:00,NSE:NIFTY,25614.5,25619.05,25609.7,25618.05,398586.0
2025-11-10 10:25:00,NSE:NIFTY,25617.45,25619.9,25612.95,25617.5,545394.0
2025-11-10 10:26:00,NSE:NIFTY,25616.3,25617.5,25612.25,25616.0,542212.0
2025-11-10 10:27:00,NSE:NIFTY,25614.7,25621.95,25613.55,25619.8,464015.0
2025-11-10 10:28:00,NSE:NIFTY,25619.95,25622.05,25617.55,25620.0,484410.0
2025-11-10 10:29:00,NSE:NIFTY,25617.85,25619.75,25612.8,25615.6,472282.0
2025-11-10 10:30:00,NSE:NIFTY,25615.35,25620.9,25612.1,25612.15,743620.0
2025-11-10 10:31:00,NSE:NIFTY,25612.65,25619.6,25612.05,25619.25,566245.0
2025-11-10 10:32:00,NSE:NIFTY,25618.25,25623.3,25616.3,25619.7,657573.0
2025-11-10 10:33:00,NSE:NIFTY,25618.85,25625.25,25618.55,25623.5,1289860.0
2025-11-10 10:34:00,NSE:NIFTY,25624.25,25624.95,25618.65,25618.65,686718.0
2025-11-10 10:35:00,NSE:NIFTY,25618.15,25619.7,25611.55,25612.85,407207.0
2025-11-10 10:36:00,NSE:NIFTY,25612.75,25614.65,25606.05,25609.45,564619.0
2025-11-10 10:37:00,NSE:NIFTY,25609.75,25611.85,25603.8,25605.1,347461.0
2025-11-10 10:38:00,NSE:NIFTY,25605.45,25608.95,25604.05,25608.35,651010.0
2025-11-10 10:39:00,NSE:NIFTY,25607.9,25609.15,25601.1,25602.1,516795.0
2025-11-10 10:40:00,NSE:NIFTY,25602.85,25610.35,25602.1,25607.3,369683.0
2025-11-10 10:41:00,NSE:NIFTY,25606.8,25607.65,25604.4,25607.55,401722.0
2025-11-10 10:42:00,NSE:NIFTY,25607.25,25607.55,25601.45,25603.65,416992.0
2025-11-10 10:43:00,NSE:NIFTY,25603.05,25604.55,25599.8,25599.8,481642.0
2025-11-10 10:44:00,NSE:NIFTY,25600.25,25604.85,25598.45,25601.45,355004.0
2025-11-10 10:45:00,NSE:NIFTY,25600.85,25601.3,25596.75,25597.5,378004.0
2025-11-10 10:46:00,NSE:NIFTY,25597.55,25598.5,25594.9,25596.25,329084.0
2025-11-10 10:47:00,NSE:NIFTY,25596.1,25601.7,25592.6,25601.7,767071.0
2025-11-10 10:48:00,NSE:NIFTY,25601.15,25604.45,25599.45,25603.9,331345.0
2025-11-10 10:49:00,NSE:NIFTY,25604.45,25605.8,25597.25,25597.85,474311.0
2025-11-10 10:50:00,NSE:NIFTY,25597.05,25599.8,25594.05,25594.5,343175.0
2025-11-10 10:51:00,NSE:NIFTY,25595.1,25596.05,25587.75,25593.55,413285.0
2025-11-10 10:52:00,NSE:NIFTY,25593.1,25602.45,25591.25,25601.4,447220.0
2025-11-10 10:53:00,NSE:NIFTY,25600.9,25605.9,25600.9,25605.15,408419.0
2025-11-10 10:54:00,NSE:NIFTY,25605.45,25606.9,25601.05,25604.3,550480.0
2025-11-10 10:55:00,NSE:NIFTY,25604.0,25611.65,25603.25,25609.65,782106.0
2025-11-10 10:56:00,NSE:NIFTY,25610.6,25611.95,25608.2,25610.7,345678.0
2025-11-10 10:57:00,NSE:NIFTY,25610.5,25613.5,25608.2,25613.5,465097.0
2025-11-10 10:58:00,NSE:NIFTY,25613.9,25614.45,25609.0,25611.9,426863.0
2025-11-10 10:59:00,NSE:NIFTY,25612.2,25613.55,25610.15,25612.2,298264.0
2025-11-10 11:00:00,NSE:NIFTY,25612.8,25620.6,25610.25,25620.55,517225.0
2025-11-10 11:01:00,NSE:NIFTY,25619.8,25621.75,25616.5,25620.4,489123.0
2025-11-10 11:02:00,NSE:NIFTY,25620.15,25627.0,25619.05,25623.7,828581.0
2025-11-10 11:03:00,NSE:NIFTY,25623.5,25629.05,25623.1,25627.75,861579.0
2025-11-10 11:04:00,NSE:NIFTY,25627.05,25628.15,25623.4,25626.2,495622.0
2025-11-10 11:05:00,NSE:NIFTY,25626.35,25632.0,25625.9,25627.85,906997.0
2025-11-10 11:06:00,NSE:NIFTY,25626.75,25628.4,25621.2,25622.7,582278.0
2025-11-10 11:07:00,NSE:NIFTY,25621.85,25625.35,25619.55,25624.45,524207.0
2025-11-10 11:08:00,NSE:NIFTY,25623.9,25626.7,25622.1,25623.2,493724.0
2025-11-10 11:09:00,NSE:NIFTY,25622.25,25625.0,25621.3,25623.3,706175.0
2025-11-10 11:10:00,NSE:NIFTY,25622.65,25622.65,25618.4,25619.9,456495.0
2025-11-10 11:11:00,NSE:NIFTY,25619.3,25622.7,25617.85,25619.55,363498.0
2025-11-10 11:12:00,NSE:NIFTY,25618.5,25624.05,25617.1,25624.05,406522.0
2025-11-10 11:13:00,NSE:NIFTY,25623.35,25627.05,25621.2,25627.05,455712.0
2025-11-10 11:14:00,NSE:NIFTY,25625.65,25629.9,25624.95,25629.9,568653.0
2025-11-10 11:15:00,NSE:NIFTY,25629.1,25632.5,25627.95,25628.0,430898.0
2025-11-10 11:16:00,NSE:NIFTY,25627.5,25631.35,25627.1,25629.75,401593.0
2025-11-10 11:17:00,NSE:NIFTY,25629.7,25630.25,25625.95,25628.3,427441.0
2025-11-10 11:18:00,NSE:NIFTY,25627.95,25634.45,25627.55,25633.8,586363.0
2025-11-10 11:19:00,NSE:NIFTY,25632.35,25636.95,25629.65,25636.35,950717.0
2025-11-10 11:20:00,NSE:NIFTY,25635.8,25637.05,25632.4,25636.8,722704.0
2025-11-10 11:21:00,NSE:NIFTY,25636.25,25641.75,25635.6,25638.75,456648.0
2025-11-10 11:22:00,NSE:NIFTY,25638.7,25639.05,25633.5,25634.5,455630.0
2025-11-10 11:23:00,NSE:NIFTY,25634.15,25640.35,25633.95,25640.15,524411.0
2025-11-10 11:24:00,NSE:NIFTY,25638.7,25645.3,25637.7,25643.75,1011344.0
2025-11-10 11:25:00,NSE:NIFTY,25643.45,25646.75,25641.15,25645.4,352386.0
2025-11-10 11:26:00,NSE:NIFTY,25644.7,25650.6,25644.7,25650.15,503680.0
2025-11-10 11:27:00,NSE:NIFTY,25649.75,25649.75,25645.95,25648.9,636130.0
2025-11-10 11:28:00,NSE:NIFTY,25648.1,25651.95,25647.15,25649.25,567847.0
2025-11-10 11:29:00,NSE:NIFTY,25648.5,25649.95,25645.15,25649.8,469461.0
2025-11-10 11:30:00,NSE:NIFTY,25649.1,25649.35,25644.9,25645.9,641624.0
2025-11-10 11:31:00,NSE:NIFTY,25645.75,25647.3,25642.85,25643.6,322899.0
2025-11-10 11:32:00,NSE:NIFTY,25643.2,25646.55,25641.55,25642.6,465377.0
2025-11-10 11:33:00,NSE:NIFTY,25642.5,25645.65,25640.1,25640.1,341277.0
2025-11-10 11:34:00,NSE:NIFTY,25640.8,25643.65,25639.2,25639.95,552156.0
2025-11-10 11:35:00,NSE:NIFTY,25640.65,25643.0,25637.8,25640.0,326043.0
2025-11-10 11:36:00,NSE:NIFTY,25639.55,25643.9,25639.4,25642.05,354133.0
2025-11-10 11:37:00,NSE:NIFTY,25642.5,25643.6,25640.5,25641.65,279748.0
2025-11-10 11:38:00,NSE:NIFTY,25642.25,25643.2,25638.95,25641.0,343359.0
2025-11-10 11:39:00,NSE:NIFTY,25639.35,25641.95,25635.6,25636.3,558087.0
2025-11-10 11:40:00,NSE:NIFTY,25636.85,25637.85,25633.95,25633.95,297158.0
2025-11-10 11:41:00,NSE:NIFTY,25634.1,25636.35,25631.65,25631.95,652563.0
2025-11-10 11:42:00,NSE:NIFTY,25633.0,25637.3,25631.35,25632.85,285407.0
2025-11-10 11:43:00,NSE:NIFTY,25633.45,25635.05,25630.35,25631.3,481049.0
2025-11-10 11:44:00,NSE:NIFTY,25631.6,25634.0,25629.75,25633.0,509656.0
2025-11-10 11:45:00,NSE:NIFTY,25632.75,25640.35,25631.85,25639.65,278139.0
2025-11-10 11:46:00,NSE:NIFTY,25639.45,25644.5,25637.8,25641.85,700398.0
2025-11-10 11:47:00,NSE:NIFTY,25642.2,25642.9,25631.65,25632.2,442006.0
2025-11-10 11:48:00,NSE:NIFTY,25632.6,25635.9,25632.4,25634.65,245244.0
2025-11-10 11:49:00,NSE:NIFTY,25633.9,25635.45,25630.45,25631.05,379357.0
2025-11-10 11:50:00,NSE:NIFTY,25630.8,25634.4,25628.8,25633.2,265967.0
2025-11-10 11:51:00,NSE:NIFTY,25631.6,25634.5,25631.6,25633.5,365316.0
2025-11-10 11:52:00,NSE:NIFTY,25633.6,25637.55,25632.9,25634.15,226962.0
2025-11-10 11:53:00,NSE:NIFTY,25634.3,25634.75,25628.5,25629.55,236381.0
2025-11-10 11:54:00,NSE:NIFTY,25629.4,25634.25,25628.6,25631.0,242227.0
2025-11-10 11:55:00,NSE:NIFTY,25630.8,25634.35,25630.7,25632.4,253715.0
2025-11-10 11:56:00,NSE:NIFTY,25631.9,25632.55,25624.45,25625.95,330091.0
2025-11-10 11:57:00,NSE:NIFTY,25624.75,25626.2,25623.45,25626.1,415420.0
2025-11-10 11:58:00,NSE:NIFTY,25626.15,25627.5,25623.35,25626.1,777536.0
2025-11-10 11:59:00,NSE:NIFTY,25625.75,25626.85,25619.05,25620.85,389326.0
2025-11-10 12:00:00,NSE:NIFTY,25620.2,25627.5,25620.2,25624.85,360242.0
2025-11-10 12:01:00,NSE:NIFTY,25624.55,25631.45,25624.55,25625.85,324846.0
2025-11-10 12:02:00,NSE:NIFTY,25625.95,25629.3,25624.5,25626.45,253797.0
2025-11-10 12:03:00,NSE:NIFTY,25625.25,25628.95,25623.85,25626.0,298776.0
2025-11-10 12:04:00,NSE:NIFTY,25624.5,25626.65,25620.4,25622.65,673210.0
2025-11-10 12:05:00,NSE:NIFTY,25621.8,25624.3,25620.05,25622.15,346758.0
2025-11-10 12:06:00,NSE:NIFTY,25621.7,25626.2,25618.75,25624.35,395894.0
2025-11-10 12:07:00,NSE:NIFTY,25624.25,25625.4,25621.35,25622.8,269791.0
2025-11-10 12:08:00,NSE:NIFTY,25622.1,25624.55,25619.55,25620.35,441105.0
2025-11-10 12:09:00,NSE:NIFTY,25620.5,25624.6,25619.45,25624.6,438191.0
2025-11-10 12:10:00,NSE:NIFTY,25624.05,25628.25,25624.05,25627.25,431913.0
2025-11-10 12:11:00,NSE:NIFTY,25627.3,25629.8,25626.55,25628.35,555667.0
2025-11-10 12:12:00,NSE:NIFTY,25627.75,25631.2,25626.4,25630.05,438514.0
2025-11-10 12:13:00,NSE:NIFTY,25628.35,25633.5,25628.35,25629.85,378940.0
2025-11-10 12:14:00,NSE:NIFTY,25629.05,25629.55,25621.75,25624.3,408568.0
2025-11-10 12:15:00,NSE:NIFTY,25623.1,25632.55,25623.1,25631.1,432370.0
2025-11-10 12:16:00,NSE:NIFTY,25632.15,25632.85,25627.9,25629.5,406794.0
2025-11-10 12:17:00,NSE:NIFTY,25629.25,25631.4,25621.85,25623.85,718953.0
2025-11-10 12:18:00,NSE:NIFTY,25623.4,25627.4,25620.3,25626.7,514949.0
2025-11-10 12:19:00,NSE:NIFTY,25625.85,25630.9,25624.95,25628.9,367047.0
2025-11-10 12:20:00,NSE:NIFTY,25628.65,25632.1,25627.0,25628.7,356544.0
2025-11-10 12:21:00,NSE:NIFTY,25628.2,25629.85,25624.3,25626.15,317931.0
2025-11-10 12:22:00,NSE:NIFTY,25626.45,25629.4,25625.45,25628.85,439980.0
2025-11-10 12:23:00,NSE:NIFTY,25628.25,25634.95,25628.25,25634.85,406371.0
2025-11-10 12:24:00,NSE:NIFTY,25634.5,25639.8,25630.95,25632.45,440075.0
2025-11-10 12:25:00,NSE:NIFTY,25630.8,25639.7,25630.8,25635.4,460179.0
2025-11-10 12:26:00,NSE:NIFTY,25635.25,25638.7,25635.25,25636.95,308759.0
2025-11-10 12:27:00,NSE:NIFTY,25637.35,25639.45,25633.1,25634.25,232956.0
2025-11-10 12:28:00,NSE:NIFTY,25634.0,25635.75,25631.15,25634.45,592053.0
2025-11-10 12:29:00,NSE:NIFTY,25634.05,25635.6,25632.3,25633.05,357885.0
2025-11-10 12:30:00,NSE:NIFTY,25634.15,25641.9,25634.15,25635.3,475611.0
2025-11-10 12:31:00,NSE:NIFTY,25634.85,25637.65,25631.6,25632.15,314747.0
2025-11-10 12:32:00,NSE:NIFTY,25631.55,25636.55,25630.55,25633.95,398045.0
2025-11-10 12:33:00,NSE:NIFTY,25633.6,25636.75,25632.7,25633.55,389475.0
2025-11-10 12:34:00,NSE:NIFTY,25633.4,25637.1,25632.75,25634.0,524179.0
2025-11-10 12:35:00,NSE:NIFTY,25633.5,25636.9,25632.45,25633.85,382199.0
2025-11-10 12:36:00,NSE:NIFTY,25633.65,25635.15,25629.7,25631.0,382286.0
2025-11-10 12:37:00,NSE:NIFTY,25631.45,25637.1,25631.0,25636.45,369965.0
2025-11-10 12:38:00,NSE:NIFTY,25635.45,25638.65,25634.1,25638.25,272137.0
2025-11-10 12:39:00,NSE:NIFTY,25637.4,25639.65,25636.9,25638.6,1107479.0
2025-11-10 12:40:00,NSE:NIFTY,25638.25,25639.6,25636.2,25638.85,263058.0
2025-11-10 12:41:00,NSE:NIFTY,25638.45,25639.6,25635.7,25636.95,278840.0
2025-11-10 12:42:00,NSE:NIFTY,25636.25,25640.9,25636.25,25639.95,363655.0
2025-11-10 12:43:00,NSE:NIFTY,25639.7,25643.3,25638.65,25642.45,410559.0
2025-11-10 12:44:00,NSE:NIFTY,25642.05,25647.3,25641.95,25646.15,619625.0
2025-11-10 12:45:00,NSE:NIFTY,25644.3,25646.35,25643.15,25645.3,307726.0
2025-11-10 12:46:00,NSE:NIFTY,25644.45,25646.5,25641.75,25643.2,535638.0
2025-11-10 12:47:00,NSE:NIFTY,25642.9,25645.05,25639.45,25644.05,529933.0
2025-11-10 12:48:00,NSE:NIFTY,25644.55,25647.0,25643.2,25645.25,264344.0
2025-11-10 12:49:00,NSE:NIFTY,25645.3,25648.05,25644.3,25645.1,314587.0
2025-11-10 12:50:00,NSE:NIFTY,25644.6,25648.2,25643.55,25646.2,350720.0
2025-11-10 12:51:00,NSE:NIFTY,25645.5,25648.35,25644.65,25647.4,282514.0
2025-11-10 12:52:00,NSE:NIFTY,25647.05,25649.9,25645.7,25648.5,312773.0
2025-11-10 12:53:00,NSE:NIFTY,25647.85,25649.75,25646.6,25648.05,300321.0
2025-11-10 12:54:00,NSE:NIFTY,25647.2,25652.15,25646.6,25649.55,336053.0
2025-11-10 12:55:00,NSE:NIFTY,25649.9,25650.05,25643.8,25646.5,409547.0
2025-11-10 12:56:00,NSE:NIFTY,25646.4,25650.1,25645.2,25648.15,405729.0
2025-11-10 12:57:00,NSE:NIFTY,25647.95,25650.1,25646.35,25649.5,356525.0
2025-11-10 12:58:00,NSE:NIFTY,25649.05,25650.8,25645.85,25648.1,514647.0
2025-11-10 12:59:00,NSE:NIFTY,25648.35,25649.55,25645.9,25647.2,880159.0
2025-11-10 13:00:00,NSE:NIFTY,25647.55,25652.85,25647.55,25652.15,336829.0
2025-11-10 13:01:00,NSE:NIFTY,25652.6,25653.45,25648.6,25651.1,405580.0
2025-11-10 13:02:00,NSE:NIFTY,25650.3,25652.7,25650.05,25650.95,237109.0
2025-11-10 13:03:00,NSE:NIFTY,25651.8,25652.9,25646.65,25647.25,408116.0
2025-11-10 13:04:00,NSE:NIFTY,25647.45,25647.6,25641.9,25643.5,405263.0
2025-11-10 13:05:00,NSE:NIFTY,25643.3,25645.1,25638.9,25640.35,269908.0
2025-11-10 13:06:00,NSE:NIFTY,25639.55,25641.25,25632.15,25633.25,327421.0
2025-11-10 13:07:00,NSE:NIFTY,25632.8,25635.45,25631.4,25634.55,294571.0
2025-11-10 13:08:00,NSE:NIFTY,25634.3,25636.25,25632.85,25635.9,354905.0
2025-11-10 13:09:00,NSE:NIFTY,25635.7,25638.6,25632.2,25637.0,461211.0
2025-11-10 13:10:00,NSE:NIFTY,25635.7,25639.35,25632.4,25634.05,404934.0
2025-11-10 13:11:00,NSE:NIFTY,25633.4,25637.7,25632.95,25637.7,508833.0
2025-11-10 13:12:00,NSE:NIFTY,25637.6,25639.95,25636.6,25638.1,373884.0
2025-11-10 13:13:00,NSE:NIFTY,25637.65,25638.85,25631.05,25632.5,302036.0
2025-11-10 13:14:00,NSE:NIFTY,25631.35,25634.2,25629.1,25630.25,396753.0
2025-11-10 13:15:00,NSE:NIFTY,25630.75,25636.65,25629.95,25636.25,377545.0
2025-11-10 13:16:00,NSE:NIFTY,25635.55,25638.95,25632.05,25634.15,309131.0
2025-11-10 13:17:00,NSE:NIFTY,25633.65,25635.9,25632.1,25633.85,357577.0
2025-11-10 13:18:00,NSE:NIFTY,25633.65,25636.9,25632.6,25633.4,677378.0
2025-11-10 13:19:00,NSE:NIFTY,25632.75,25635.25,25632.0,25634.45,533225.0
2025-11-10 13:20:00,NSE:NIFTY,25634.0,25634.15,25625.9,25627.0,415833.0
2025-11-10 13:21:00,NSE:NIFTY,25626.6,25627.7,25624.35,25626.0,1069340.0
2025-11-10 13:22:00,NSE:NIFTY,25626.35,25630.9,25626.35,25630.9,666657.0
2025-11-10 13:23:00,NSE:NIFTY,25629.8,25636.05,25629.3,25633.85,357526.0
2025-11-10 13:24:00,NSE:NIFTY,25633.3,25635.3,25632.35,25634.75,449207.0
2025-11-10 13:25:00,NSE:NIFTY,25634.4,25637.65,25634.4,25637.05,260319.0
2025-11-10 13:26:00,NSE:NIFTY,25635.85,25642.95,25635.85,25638.9,346784.0
2025-11-10 13:27:00,NSE:NIFTY,25638.4,25639.9,25634.1,25635.5,376118.0
2025-11-10 13:28:00,NSE:NIFTY,25634.9,25637.45,25634.15,25637.45,497331.0
2025-11-10 13:29:00,NSE:NIFTY,25637.25,25638.7,25634.65,25638.25,535167.0
2025-11-10 13:30:00,NSE:NIFTY,25637.65,25642.05,25636.85,25642.05,351371.0
2025-11-10 13:31:00,NSE:NIFTY,25641.0,25642.6,25637.15,25638.25,406394.0
2025-11-10 13:32:00,NSE:NIFTY,25636.1,25639.25,25632.65,25634.7,482990.0
2025-11-10 13:33:00,NSE:NIFTY,25634.5,25637.05,25632.9,25634.95,280416.0
2025-11-10 13:34:00,NSE:NIFTY,25634.2,25638.95,25633.45,25635.4,475091.0
2025-11-10 13:35:00,NSE:NIFTY,25634.85,25638.3,25633.75,25635.2,301222.0
2025-11-10 13:36:00,NSE:NIFTY,25635.15,25639.05,25634.0,25638.4,294789.0
2025-11-10 13:37:00,NSE:NIFTY,25637.6,25639.5,25636.1,25638.45,350453.0
2025-11-10 13:38:00,NSE:NIFTY,25638.25,25639.65,25635.05,25638.7,560854.0
2025-11-10 13:39:00,NSE:NIFTY,25638.15,25638.8,25634.95,25636.2,543214.0
2025-11-10 13:40:00,NSE:NIFTY,25635.6,25637.55,25634.5,25635.5,296285.0
2025-11-10 13:41:00,NSE:NIFTY,25635.25,25637.1,25631.15,25632.9,343752.0
2025-11-10 13:42:00,NSE:NIFTY,25631.55,25633.95,25629.0,25629.65,246652.0
2025-11-10 13:43:00,NSE:NIFTY,25628.85,25630.15,25620.9,25622.75,598292.0
2025-11-10 13:44:00,NSE:NIFTY,25623.2,25623.2,25607.55,25607.55,1658309.0
2025-11-10 13:45:00,NSE:NIFTY,25607.25,25609.55,25595.35,25595.35,836879.0
2025-11-10 13:46:00,NSE:NIFTY,25595.65,25598.9,25591.1,25592.1,1483504.0
2025-11-10 13:47:00,NSE:NIFTY,25592.4,25594.0,25582.0,25583.45,1403945.0
2025-11-10 13:48:00,NSE:NIFTY,25582.75,25599.8,25579.5,25599.8,1155819.0
2025-11-10 13:49:00,NSE:NIFTY,25599.3,25612.65,25599.15,25612.65,405273.0
2025-11-10 13:50:00,NSE:NIFTY,25612.35,25612.35,25603.85,25604.25,256795.0
2025-11-10 13:51:00,NSE:NIFTY,25604.55,25609.55,25603.45,25608.5,244426.0
2025-11-10 13:52:00,NSE:NIFTY,25608.55,25609.05,25605.5,25606.45,268183.0
2025-11-10 13:53:00,NSE:NIFTY,25605.9,25608.15,25604.8,25608.1,293707.0
2025-11-10 13:54:00,NSE:NIFTY,25608.3,25609.95,25604.25,25606.2,749977.0
2025-11-10 13:55:00,NSE:NIFTY,25606.85,25609.8,25605.0,25607.55,308526.0
2025-11-10 13:56:00,NSE:NIFTY,25607.15,25608.0,25603.45,25605.95,298098.0
2025-11-10 13:57:00,NSE:NIFTY,25605.25,25606.9,25602.1,25603.05,319435.0
2025-11-10 13:58:00,NSE:NIFTY,25602.85,25603.95,25600.3,25602.7,339013.0
2025-11-10 13:59:00,NSE:NIFTY,25602.25,25603.75,25598.95,25599.95,358781.0
2025-11-10 14:00:00,NSE:NIFTY,25599.8,25601.6,25597.4,25600.25,608027.0
2025-11-10 14:01:00,NSE:NIFTY,25599.75,25601.3,25598.2,25599.8,262346.0
2025-11-10 14:02:00,NSE:NIFTY,25600.1,25604.7,25599.2,25604.7,325481.0
2025-11-10 14:03:00,NSE:NIFTY,25603.9,25616.35,25602.65,25616.35,768602.0
2025-11-10 14:04:00,NSE:NIFTY,25615.7,25619.45,25613.25,25617.55,1173646.0
2025-11-10 14:05:00,NSE:NIFTY,25618.1,25623.35,25616.1,25623.35,1056865.0
2025-11-10 14:06:00,NSE:NIFTY,25623.6,25625.3,25614.1,25615.85,889698.0
2025-11-10 14:07:00,NSE:NIFTY,25615.9,25616.4,25613.25,25615.55,354190.0
2025-11-10 14:08:00,NSE:NIFTY,25614.8,25615.3,25610.35,25614.4,610317.0
2025-11-10 14:09:00,NSE:NIFTY,25614.1,25617.25,25613.4,25617.0,651893.0
2025-11-10 14:10:00,NSE:NIFTY,25617.35,25617.85,25615.1,25617.1,676307.0
2025-11-10 14:11:00,NSE:NIFTY,25616.05,25617.45,25612.8,25617.0,447599.0
2025-11-10 14:12:00,NSE:NIFTY,25615.9,25617.4,25611.85,25617.4,583199.0
2025-11-10 14:13:00,NSE:NIFTY,25617.15,25621.05,25615.65,25618.6,310740.0
2025-11-10 14:14:00,NSE:NIFTY,25618.85,25620.1,25616.6,25618.9,330254.0
2025-11-10 14:15:00,NSE:NIFTY,25620.2,25625.75,25620.2,25623.1,384019.0
2025-11-10 14:16:00,NSE:NIFTY,25623.5,25623.7,25620.25,25623.05,451796.0
2025-11-10 14:17:00,NSE:NIFTY,25622.25,25626.1,25621.55,25625.35,611806.0
2025-11-10 14:18:00,NSE:NIFTY,25624.8,25626.15,25622.05,25623.35,514032.0
2025-11-10 14:19:00,NSE:NIFTY,25622.8,25625.55,25621.05,25622.6,424808.0
2025-11-10 14:20:00,NSE:NIFTY,25622.95,25624.3,25620.85,25622.05,598877.0
2025-11-10 14:21:00,NSE:NIFTY,25621.8,25623.2,25615.45,25622.65,478721.0
2025-11-10 14:22:00,NSE:NIFTY,25622.2,25635.95,25621.65,25635.95,871110.0
2025-11-10 14:23:00,NSE:NIFTY,25636.15,25641.8,25634.35,25641.8,1337352.0
2025-11-10 14:24:00,NSE:NIFTY,25640.8,25643.85,25640.1,25642.85,1072744.0
2025-11-10 14:25:00,NSE:NIFTY,25643.35,25649.45,25635.35,25635.5,721334.0
2025-11-10 14:26:00,NSE:NIFTY,25635.6,25639.25,25633.85,25638.85,312959.0
2025-11-10 14:27:00,NSE:NIFTY,25638.2,25639.9,25635.6,25639.45,539575.0
2025-11-10 14:28:00,NSE:NIFTY,25639.1,25639.1,25634.95,25638.3,1939178.0
2025-11-10 14:29:00,NSE:NIFTY,25638.35,25638.55,25633.7,25636.8,623151.0
2025-11-10 14:30:00,NSE:NIFTY,25636.9,25641.7,25633.5,25635.05,597988.0
2025-11-10 14:31:00,NSE:NIFTY,25634.35,25634.85,25629.4,25631.4,495954.0
2025-11-10 14:32:00,NSE:NIFTY,25631.65,25632.5,25626.25,25629.75,393766.0
2025-11-10 14:33:00,NSE:NIFTY,25629.3,25629.5,25624.65,25625.2,400941.0
2025-11-10 14:34:00,NSE:NIFTY,25625.95,25628.0,25623.15,25627.85,453719.0
2025-11-10 14:35:00,NSE:NIFTY,25627.75,25628.85,25622.7,25624.2,576126.0
2025-11-10 14:36:00,NSE:NIFTY,25623.85,25631.9,25623.6,25631.7,669768.0
2025-11-10 14:37:00,NSE:NIFTY,25631.9,25636.8,25631.1,25632.35,816935.0
2025-11-10 14:38:00,NSE:NIFTY,25631.9,25633.2,25629.55,25631.7,578020.0
2025-11-10 14:39:00,NSE:NIFTY,25631.45,25631.75,25625.85,25629.25,758476.0
2025-11-10 14:40:00,NSE:NIFTY,25628.4,25631.45,25624.6,25627.5,2428504.0
2025-11-10 14:41:00,NSE:NIFTY,25627.3,25628.5,25621.4,25623.4,949599.0
2025-11-10 14:42:00,NSE:NIFTY,25622.85,25623.2,25609.6,25612.85,1578687.0
2025-11-10 14:43:00,NSE:NIFTY,25613.55,25615.4,25609.9,25611.6,1702777.0
2025-11-10 14:44:00,NSE:NIFTY,25610.4,25610.7,25601.15,25602.75,1354499.0
2025-11-10 14:45:00,NSE:NIFTY,25603.5,25609.7,25596.65,25608.55,1429091.0
2025-11-10 14:46:00,NSE:NIFTY,25608.7,25613.2,25605.15,25608.15,684414.0
2025-11-10 14:47:00,NSE:NIFTY,25609.7,25612.35,25603.2,25604.65,506860.0
2025-11-10 14:48:00,NSE:NIFTY,25603.8,25609.45,25602.8,25609.45,704915.0
2025-11-10 14:49:00,NSE:NIFTY,25609.1,25610.7,25603.45,25605.85,1029417.0
2025-11-10 14:50:00,NSE:NIFTY,25604.85,25608.9,25601.6,25602.95,721104.0
2025-11-10 14:51:00,NSE:NIFTY,25602.35,25608.45,25600.2,25601.0,877184.0
2025-11-10 14:52:00,NSE:NIFTY,25601.4,25601.4,25596.25,25600.45,653918.0
2025-11-10 14:53:00,NSE:NIFTY,25600.15,25606.85,25597.45,25602.9,822969.0
2025-11-10 14:54:00,NSE:NIFTY,25602.35,25607.35,25600.2,25606.35,780582.0
2025-11-10 14:55:00,NSE:NIFTY,25606.0,25614.1,25603.2,25613.9,522990.0
2025-11-10 14:56:00,NSE:NIFTY,25614.05,25614.25,25606.65,25612.65,700424.0
2025-11-10 14:57:00,NSE:NIFTY,25611.7,25611.85,25604.9,25611.85,573447.0
2025-11-10 14:58:00,NSE:NIFTY,25611.9,25612.15,25607.1,25608.05,586586.0
2025-11-10 14:59:00,NSE:NIFTY,25608.4,25609.2,25601.95,25605.9,846767.0
2025-11-10 15:00:00,NSE:NIFTY,25606.0,25606.85,25591.9,25593.3,1204093.0
2025-11-10 15:01:00,NSE:NIFTY,25592.7,25595.35,25587.9,25590.6,1212824.0
2025-11-10 15:02:00,NSE:NIFTY,25590.15,25590.85,25583.95,25584.85,1093431.0
2025-11-10 15:03:00,NSE:NIFTY,25584.25,25591.15,25583.7,25585.15,1280232.0
2025-11-10 15:04:00,NSE:NIFTY,25585.2,25590.35,25585.2,25590.35,1501914.0
2025-11-10 15:05:00,NSE:NIFTY,25590.95,25592.45,25584.15,25588.85,1481308.0
2025-11-10 15:06:00,NSE:NIFTY,25588.55,25589.35,25579.6,25580.9,1325481.0
2025-11-10 15:07:00,NSE:NIFTY,25582.0,25585.7,25579.6,25581.9,1472942.0
2025-11-10 15:08:00,NSE:NIFTY,25581.1,25586.25,25580.45,25581.3,1279458.0
2025-11-10 15:09:00,NSE:NIFTY,25581.25,25582.2,25575.9,25577.4,1384601.0
2025-11-10 15:10:00,NSE:NIFTY,25577.25,25577.8,25573.9,25574.7,1763328.0
2025-11-10 15:11:00,NSE:NIFTY,25574.25,25575.25,25567.45,25568.55,1361451.0
2025-11-10 15:12:00,NSE:NIFTY,25568.8,25572.3,25565.9,25567.8,1626512.0
2025-11-10 15:13:00,NSE:NIFTY,25567.35,25569.65,25564.1,25564.6,1389524.0
2025-11-10 15:14:00,NSE:NIFTY,25564.8,25565.45,25562.1,25565.45,1953805.0
2025-11-10 15:15:00,NSE:NIFTY,25565.05,25574.6,25563.55,25573.9,2070029.0
2025-11-10 15:16:00,NSE:NIFTY,25574.35,25575.35,25569.35,25570.45,1945891.0
2025-11-10 15:17:00,NSE:NIFTY,25570.65,25573.1,25568.65,25571.75,1544827.0
2025-11-10 15:18:00,NSE:NIFTY,25572.1,25572.75,25568.15,25568.9,1661538.0
2025-11-10 15:19:00,NSE:NIFTY,25569.7,25573.9,25567.35,25568.2,1509593.0
2025-11-10 15:20:00,NSE:NIFTY,25568.6,25568.6,25564.3,25567.5,2173497.0
2025-11-10 15:21:00,NSE:NIFTY,25567.15,25569.25,25563.6,25567.85,1682382.0
2025-11-10 15:22:00,NSE:NIFTY,25567.1,25572.8,25565.95,25570.65,1527118.0
2025-11-10 15:23:00,NSE:NIFTY,25570.05,25570.4,25566.7,25569.15,1374520.0
2025-11-10 15:24:00,NSE:NIFTY,25570.2,25573.1,25567.6,25571.3,1454848.0
2025-11-10 15:25:00,NSE:NIFTY,25569.8,25572.75,25569.35,25570.6,1650709.0
2025-11-10 15:26:00,NSE:NIFTY,25571.1,25575.3,25568.4,25574.15,1385981.0
2025-11-10 15:27:00,NSE:NIFTY,25574.2,25574.2,25568.85,25571.75,1527811.0
2025-11-10 15:28:00,NSE:NIFTY,25570.05,25574.95,25568.85,25571.85,1030070.0
2025-11-10 15:29:00,NSE:NIFTY,25570.3,25579.05,25567.0,25574.25,1029048.0
